{"test/acc":0.5503875968992248,"test/precision":0.5486381322957199,"val/precision":0.5775193798449613,"train/auc":0.5164365548980934,"probability/gigapath_true_label":0.27327781915664673,"_step":852,"probability/gigapath_false_label":0.7267221808433533,"_wandb":{"runtime":189},"test/recall":1,"train/precision":0.6616541353383458,"val/auc":0.4883935718243951,"_runtime":189.602891293,"classifier_chief_loss":0.6505931387997042,"test/auc":0.5380372188882827,"train_giga/precision":0.6616541353383458,"train/acc":0.5965250965250966,"train_giga/recall":0.7810650887573964,"train/f1":0.7164179104477612,"train_giga/f1":0.7164179104477612,"probability/chief_true_label":0.5998501181602478,"epoch":0,"probability/chief_false_label":0.4001498818397522,"train/recall":0.7810650887573964,"train_giga/auc":0.5164365548980934,"val/acc":0.5775193798449613,"_timestamp":1.7512858190550976e+09,"train_giga/acc":0.5965250965250966,"reward":0.40990158915519714,"test/f1":0.7085427135678392,"classifier_giga_loss":0.7190530634337756,"val/f1":0.7321867321867321,"val/recall":1}