{"_step":62,"_wandb":{"runtime":64},"reward":0.6203353404998779,"_timestamp":1.7509144158681905e+09,"_runtime":64.023436847}