{"classifier_chief_loss":0.2775458534623264,"test/auc":0.6813127366712749,"_wandb":{"runtime":3638},"train_giga/acc":0.6544401544401545,"MoE_select_gigapath":518,"train/f1":0.8979591836734694,"val_chief/acc":0.5813953488372093,"reward_var":0.013530893251299858,"val_giga/auc":0.6484342128989601,"test_giga/f1":0.6628242074927954,"test_giga/precision":0.5324074074074074,"val_chief/auc":0.6582917593316102,"val_giga/f1":0.6803519061583577,"MoE_select_chief":0,"train_chief/recall":0.9437086092715232,"test_giga/acc":0.5465116279069767,"epoch":52,"train_giga/recall":0.7880794701986755,"reward_mean":0.6466324329376221,"train/recall":0.9470198675496688,"val/precision":0.5944444444444444,"train_chief/auc":0.9645266127054207,"val_giga/precision":0.5523809523809524,"val/acc":0.624031007751938,"train_giga/auc":0.672323399558499,"val_giga/recall":0.8854961832061069,"val_chief/precision":0.5714285714285714,"test/recall":0.8549618320610687,"test_giga/auc":0.6465107892047846,"test_giga/recall":0.8778625954198473,"probability/chief_true_label":0.762954831123352,"val_chief/f1":0.6301369863013698,"train/acc":0.8745173745173745,"val/auc":0.6707940133437519,"test/acc":0.6317829457364341,"train_chief/acc":0.9092664092664092,"probability/chief_false_label":0.23704516887664795,"train_chief/precision":0.9047619047619048,"probability/gigapath_false_label":0.46968990564346313,"probability/gigapath_true_label":0.5303100943565369,"test_chief/precision":0.5852272727272727,"test_chief/recall":0.7862595419847328,"classifier_giga_loss":0.6320578448301807,"test/f1":0.7021943573667712,"_timestamp":1.7519082006566865e+09,"val_giga/acc":0.5775193798449613,"_step":28036,"test/precision":0.5957446808510638,"train/precision":0.8537313432835821,"train_giga/precision":0.6742209631728046,"test_chief/f1":0.6710097719869706,"train_giga/f1":0.7267175572519083,"test_chief/auc":0.6707940133437518,"_runtime":3638.713023951,"train_chief/f1":0.9238249594813615,"test_chief/acc":0.6085271317829457,"val/recall":0.816793893129771,"val_chief/recall":0.7022900763358778,"val/f1":0.6881028938906752,"reward":0.6331015229225159,"train/auc":0.9372547216090262}