{"train/acc":0.6137975499677627,"reward":0.761181116104126,"_step":40793,"train_giga/acc":0.6137975499677627,"train_giga/recall":0.7270062133543362,"train/precision":0.6402697495183044,"test/f1":0.6818181818181818,"classifier_giga_loss":0.6151278280946687,"probability/gigapath_true_label":0.6499508023262024,"train/recall":0.7270062133543362,"test/recall":0.7191780821917808,"val/auc":0.6319047905271383,"_runtime":5909.48017934,"_timestamp":1.7512856216418831e+09,"val/recall":0.7557251908396947,"_wandb":{"runtime":5909},"test/acc":0.6216216216216216,"test/auc":0.594253848951388,"probability/chief_false_label":0.09508512169122696,"test/precision":0.6481481481481481,"classifier_chief_loss":0.14146082523176845,"val/f1":0.6534653465346535,"train/auc":0.645775683178873,"train/f1":0.6808868125563479,"val/acc":0.5930232558139535,"train_giga/precision":0.6402697495183044,"train_giga/f1":0.6808868125563479,"epoch":77,"probability/gigapath_false_label":0.35004922747612,"val/precision":0.5755813953488372,"train_giga/auc":0.645775683178873,"probability/chief_true_label":0.9049148559570312}