{"val/acc":0.6046511627906976,"train/f1":0.6635227540674369,"train/acc":0.6556467181467182,"_step":14541,"test/f1":0.6622950819672131,"reward":0.4880128800868988,"val/f1":0.6871165644171779,"epoch":7,"val/recall":0.875,"_timestamp":1.7507729313115747e+09,"val/auc":0.6974759615384615,"test/auc":0.7119006849315068,"classifier_chief_loss":292.5657985340804,"test/acc":0.6007751937984496,"test/precision":0.5233160621761658,"train/precision":0.6608736496007516,"_wandb":{"runtime":784},"train/recall":0.6661931818181818,"train/auc":0.7206914742901456,"classifier_giga_loss":341.0783413313329,"val/precision":0.5656565656565656,"_runtime":777.659555435,"test/recall":0.9017857142857143}