{"test/acc":0.5813953488372093,"train/acc":0.9420849420849421,"train_chief/acc":0.9652509652509652,"test_chief/acc":0.5542635658914729,"probability/gigapath_true_label":0.3441229462623596,"val/auc":0.6113838879796327,"train_giga/precision":0.7046511627906977,"probability/chief_true_label":0.8634740114212036,"train_giga/f1":0.7890625,"train_chief/precision":0.9705882352941176,"classifier_giga_loss":0.5832846594046672,"test_giga/acc":0.5271317829457365,"val_giga/recall":0.8794326241134752,"val_giga/acc":0.562015503875969,"test/precision":0.5932203389830508,"classifier_chief_loss":0.11137463756713575,"val/f1":0.6747720364741642,"test_giga/precision":0.5426008968609866,"test/recall":0.7446808510638298,"_wandb":{"runtime":6037},"test_chief/f1":0.6229508196721312,"reward_var":0.06743138283491135,"val_giga/f1":0.6869806094182825,"val_giga/auc":0.5662847790507365,"val/precision":0.5904255319148937,"val_chief/auc":0.6020488573680063,"test/auc":0.5845305207007334,"_step":47080,"reward_mean":0.603798508644104,"train/auc":0.9899243918474687,"test/f1":0.660377358490566,"train/precision":0.9325842696629213,"train_chief/auc":0.9958744247205786,"MoE_select_gigapath":0,"val_chief/recall":0.7092198581560284,"test_chief/recall":0.6737588652482269,"train_chief/f1":0.9734513274336283,"train_giga/auc":0.7020874424720578,"val/recall":0.7872340425531915,"probability/chief_false_label":0.1365259885787964,"val_chief/f1":0.6535947712418301,"_runtime":6036.698876462,"reward":0.5363671183586121,"train/f1":0.9567723342939481,"test_chief/precision":0.5792682926829268,"train_chief/recall":0.9763313609467456,"val/acc":0.5852713178294574,"val_chief/acc":0.5891472868217055,"val_giga/precision":0.5636363636363636,"train_giga/recall":0.8964497041420119,"train/recall":0.9822485207100592,"test_giga/f1":0.6648351648351648,"test_giga/recall":0.8581560283687943,"MoE_select_chief":518,"train_giga/acc":0.6872586872586872,"val_chief/precision":0.6060606060606061,"test_chief/auc":0.5783475783475783,"probability/gigapath_false_label":0.6558769941329956,"epoch":88,"_timestamp":1.7519271610869634e+09,"test_giga/auc":0.5736800630417652}