{"test_giga/auc":0.516438438800748,"train/precision":0.7591973244147158,"test/acc":0.5193798449612403,"test_giga/f1":0.14473684210526316,"val_giga/precision":0.6875,"val/f1":0.3883495145631068,"val_chief/recall":0.44525547445255476,"test_giga/recall":0.08029197080291971,"probability/gigapath_true_label":0.5409249663352966,"probability/chief_false_label":0.22389988601207733,"epoch":23,"val/recall":0.291970802919708,"val/acc":0.5116279069767442,"val_giga/recall":0.08029197080291971,"train/acc":0.7640232108317214,"classifier_chief_loss":0.4769810157804615,"reward_var":0.013826842419803143,"train_giga/recall":0.6931407942238267,"train_giga/f1":0.6655112651646448,"train/recall":0.8194945848375451,"test/auc":0.5336309344272185,"test_giga/precision":0.7333333333333333,"val_giga/acc":0.49224806201550386,"train_giga/auc":0.6635228640192539,"_step":12671,"test_chief/f1":0.5203252032520326,"probability/gigapath_false_label":0.459075003862381,"_wandb":{"runtime":1624},"train/f1":0.7881944444444444,"test_chief/auc":0.5318211980454848,"val_chief/acc":0.5310077519379846,"test/recall":0.2846715328467153,"test_giga/acc":0.49612403100775193,"train/auc":0.8206077015643802,"train_chief/recall":0.8158844765342961,"test/precision":0.6,"val/auc":0.5310369789467335,"classifier_giga_loss":0.6583753466980831,"val_giga/f1":0.1437908496732026,"test_chief/precision":0.5871559633027523,"reward_mean":0.6585125923156738,"probability/chief_true_label":0.7761001586914062,"test_chief/acc":0.5426356589147286,"test_chief/recall":0.46715328467153283,"val/precision":0.5797101449275363,"val_giga/auc":0.5327260662363515,"reward":0.6446857452392578,"_runtime":1624.22057551,"test/f1":0.38613861386138615,"train_chief/precision":0.8042704626334519,"train_chief/f1":0.8100358422939068,"_timestamp":1.7513799435012379e+09,"train_chief/acc":0.7949709864603481,"train_giga/precision":0.64,"val_chief/auc":0.5197562888339265,"val_chief/f1":0.5020576131687243,"train_giga/acc":0.6266924564796905,"val_chief/precision":0.5754716981132075,"train_chief/auc":0.8626353790613718}