{"_wandb":{"runtime":48},"reward":0.22933852672576904,"_timestamp":1.7507769060730083e+09,"_runtime":47.276761809,"_step":0}