{"train/f1":0.8541666666666666,"val_giga/acc":0.5714285714285714,"train/precision":0.8874458874458875,"train_chief/f1":0.8788501026694046,"val_chief/precision":0.6267605633802817,"train_chief/precision":0.8991596638655462,"test/acc":0.5637065637065637,"val_giga/auc":0.6551869215049886,"test_giga/auc":0.6056016348118763,"MoE_select_gigapath":0,"probability/chief_false_label":0.023151306435465813,"test_chief/auc":0.5965861281404015,"val_chief/auc":0.6037384300997717,"reward_mean":0.867232620716095,"test_chief/f1":0.5985915492957746,"train_giga/recall":0.6184738955823293,"_runtime":7015.529568071,"probability/gigapath_true_label":0.7576165795326233,"test/precision":0.5985915492957746,"train_chief/auc":0.9671494968638599,"val/acc":0.5752895752895753,"val_chief/f1":0.6289752650176679,"probability/gigapath_false_label":0.24238340556621552,"train_giga/f1":0.6272912423625254,"_step":31619,"test/f1":0.6007067137809188,"_wandb":{"runtime":7015},"val/auc":0.6376968385623272,"classifier_chief_loss":0.2818921435160279,"val_giga/precision":0.6363636363636364,"val/precision":0.6099290780141844,"MoE_select_chief":516,"train/acc":0.8643410852713178,"test/recall":0.6028368794326241,"train_giga/acc":0.6453488372093024,"train_chief/acc":0.8856589147286822,"_timestamp":1.75197917700552e+09,"probability/chief_true_label":0.9768486618995667,"classifier_giga_loss":0.6294610118565633,"train_chief/recall":0.8594377510040161,"test_giga/precision":0.6,"train_giga/precision":0.6363636363636364,"reward":0.855216920375824,"train/auc":0.9424514537550953,"val_chief/acc":0.5945945945945946,"epoch":59,"test_giga/acc":0.5405405405405406,"test_chief/acc":0.5598455598455598,"val/recall":0.6099290780141844,"val/f1":0.6099290780141844,"test_chief/recall":0.6028368794326241,"test_chief/precision":0.5944055944055944,"test_giga/f1":0.5258964143426295,"train/recall":0.8232931726907631,"val_giga/recall":0.49645390070921985,"val_chief/recall":0.6312056737588653,"train_giga/auc":0.693350179745198,"val_giga/f1":0.5577689243027888,"test_giga/recall":0.46808510638297873,"test/auc":0.6159995191729775,"reward_var":0.012015676125884056}