{"train_giga/recall":0.8572595704948646,"probability/gigapath_true_label":0.6450996994972229,"train_giga/f1":0.8058587964232816,"test/auc":0.6615912373615792,"_wandb":{"runtime":1617},"epoch":27,"test/f1":0.616,"test/recall":0.5746268656716418,"reward":0.6623101234436035,"probability/gigapath_false_label":0.3549003005027771,"val/precision":0.6271186440677966,"val/acc":0.5813953488372093,"train_gaiga/acc":0.7559983452840596,"test/acc":0.627906976744186,"train/acc":0.7559983452840596,"train_giga/precision":0.7602732636373046,"_timestamp":1.7512243087345293e+09,"train_giga/auc":0.8318191860077364,"train/auc":0.8318191860077364,"train/recall":0.8572595704948646,"classifier_chief_loss":0.3845136540152607,"probability/chief_false_label":0.31986576318740845,"test/precision":0.6637931034482759,"val/auc":0.5931159420289855,"train/f1":0.8058587964232816,"_step":14671,"classifier_giga_loss":0.6427034565955976,"train/precision":0.7602732636373046,"probability/chief_true_label":0.6801342368125916,"_runtime":1617.009320907,"val/f1":0.578125,"val/recall":0.5362318840579711}