{"probability/chief_false_label":0.31540191173553467,"_runtime":75.988837566,"reward_var":0.003528167959302664,"probability/gigapath_false_label":0.4341987073421478,"reward":0.6216714978218079,"probability/chief_true_label":0.6845980882644653,"reward_mean":0.6251996755599976,"_wandb":{"runtime":76},"_step":126,"_timestamp":1.7518801171054657e+09,"probability/gigapath_true_label":0.5658013224601746,"expert_select":0}