{"probability/gigapath_false_label":0.648811936378479,"train/f1":0.799294139500325,"train/acc":0.7541244737740357,"_wandb":{"runtime":1997},"train/recall":0.8522479698950287,"probability/chief_false_label":0.27429458498954773,"_timestamp":1.7512347843088336e+09,"train_giga/f1":0.799294139500325,"val/acc":0.6124031007751938,"test/acc":0.6332046332046332,"val/f1":0.6323529411764706,"reward":0.5033808946609497,"probability/chief_true_label":0.7257053852081299,"val/precision":0.6231884057971014,"val/recall":0.6417910447761194,"train_giga/recall":0.8522479698950287,"classifier_giga_loss":0.6492187474751611,"train/auc":0.832263920530671,"test/f1":0.6619217081850534,"_runtime":1997.719775711,"train_gaiga/acc":0.7541244737740357,"val/auc":0.6559340394800193,"_step":17781,"test/auc":0.7027453838678329,"probability/gigapath_true_label":0.3511880934238434,"train_giga/auc":0.832263920530671,"train/precision":0.7525358516963974,"classifier_chief_loss":0.3542573187254749,"train_giga/precision":0.7525358516963974,"test/precision":0.6940298507462687,"test/recall":0.6326530612244898,"epoch":33}