{"probability/gigapath_true_label":0.34652993083000183,"probability/chief_true_label":0.37537136673927307,"reward_var":0.00020795711316168308,"probability/chief_false_label":0.6246286630630493,"_wandb":{"runtime":99},"_runtime":99.078986465,"reward":0.3607426881790161,"expert_select":0,"_timestamp":1.7518795873642626e+09,"_step":126,"reward_mean":0.36095064878463745,"probability/gigapath_false_label":0.6534700393676758}