{"_step":0,"expert_select":1,"_timestamp":1.751880871133331e+09,"_runtime":91.528135249,"_wandb":{"runtime":92}}