{"probability/gigapath_true_label":0.04116390645503998,"_timestamp":1.7509921530745614e+09,"_wandb":{"runtime":155},"probability/chief_false_label":0.6125308871269226,"_runtime":155.069434848,"probability/chief_true_label":0.387469083070755,"reward":0.1843346655368805,"probability/gigapath_false_label":0.9588361382484436,"_step":0}