{"_timestamp":1.7509352324281642e+09,"test/f1":0.5320197044334976,"reward":0.789603054523468,"val/precision":0.7040816326530612,"train/auc":0.8372036851899589,"val/auc":0.6984375,"test/recall":0.48214285714285715,"probability/chief_false_label":0.24010992050170898,"test/precision":0.5934065934065934,"test/auc":0.7211961839530333,"train/recall":0.7524570024570024,"val/f1":0.6106194690265486,"_wandb":{"runtime":1280},"train/f1":0.7540394973070018,"train/acc":0.74981738495252,"_step":19350,"classifier_giga_loss":0.618312129297772,"_runtime":1280.299128449,"val/recall":0.5390625,"train/precision":0.7556286624858641,"probability/gigapath_true_label":0.8211950063705444,"epoch":36,"probability/gigapath_false_label":0.17880502343177795,"test/acc":0.6317829457364341,"classifier_chief_loss":0.3797734954276861,"probability/chief_true_label":0.7598901391029358,"val/acc":0.6589147286821705}