{"_timestamp":1.75077714868681e+09,"_runtime":45.116989143,"_step":0,"_wandb":{"runtime":45},"reward":0.22933852672576904}