{"test_chief/auc":0.7174045988258317,"train_giga/f1":0.6441947565543071,"probability/chief_false_label":0.3742016851902008,"test/precision":0.8260869565217391,"test/auc":0.7451076320939334,"_timestamp":1.751948593782169e+09,"train_chief/acc":0.8552123552123552,"val_giga/acc":0.6124031007751938,"reward":0.37951597571372986,"test_chief/acc":0.6744186046511628,"val_chief/precision":0.7066666666666667,"val_chief/auc":0.7235200587084148,"test_giga/f1":0.24242424242424243,"epoch":42,"train/precision":0.7954545454545454,"_wandb":{"runtime":3944},"train/auc":0.8967579336673825,"test/f1":0.4810126582278481,"train_chief/f1":0.8598130841121495,"train_giga/precision":0.6370370370370371,"val_giga/f1":0.24242424242424243,"MoE_select_gigapath":518,"test_chief/f1":0.5483870967741935,"val_giga/recall":0.14285714285714285,"val/precision":0.7916666666666666,"probability/gigapath_true_label":0.2168521285057068,"val_giga/precision":0.8,"train_chief/recall":0.8712121212121212,"MoE_select_chief":0,"train_giga/recall":0.6515151515151515,"test/acc":0.6821705426356589,"val/acc":0.6744186046511628,"test_chief/recall":0.45535714285714285,"val/f1":0.475,"train/recall":0.7954545454545454,"probability/chief_true_label":0.6257982850074768,"probability/gigapath_false_label":0.7831478118896484,"train_giga/acc":0.6332046332046332,"val_chief/recall":0.4732142857142857,"train/acc":0.7915057915057915,"test/recall":0.3392857142857143,"val_chief/acc":0.686046511627907,"train/f1":0.7954545454545454,"val/recall":0.3392857142857143,"train_chief/precision":0.8487084870848709,"_runtime":3944.078233762,"train_chief/auc":0.9427344309234074,"test_giga/precision":0.8,"train_giga/auc":0.7078710331663087,"test_chief/precision":0.6891891891891891,"test_giga/acc":0.6124031007751938,"test_giga/recall":0.14285714285714285,"classifier_giga_loss":0.6279135602040928,"val_giga/auc":0.7390533268101761,"val_chief/f1":0.5668449197860963,"reward_mean":0.4213252067565918,"val/auc":0.7521404109589042,"classifier_chief_loss":0.330553429683425,"reward_var":0.041809238493442535,"_step":22746,"test_giga/auc":0.7440068493150686}