{"train_chief/acc":0.8955512572533849,"val/acc":0.6472868217054264,"val_chief/precision":0.620253164556962,"classifier_giga_loss":0.6096213727800367,"test/precision":0.6043956043956044,"epoch":51,"val/auc":0.6534420289855072,"test_chief/auc":0.6356884057971015,"val/precision":0.6270270270270271,"val/f1":0.718266253869969,"train/precision":0.8723404255319149,"val_chief/recall":0.7101449275362319,"test_chief/precision":0.6266666666666667,"train/acc":0.8626692456479691,"test/auc":0.6542874396135266,"probability/gigapath_false_label":0.6956109404563904,"test_giga/acc":0.5968992248062015,"val_chief/auc":0.6361714975845412,"test/f1":0.6875,"_runtime":3318.326061558,"_step":27455,"classifier_chief_loss":0.29001555279754865,"train_chief/f1":0.9032258064516129,"reward_mean":0.6183575987815857,"val_giga/precision":0.5733333333333334,"val/recall":0.8405797101449275,"train_giga/recall":0.7117437722419929,"train_giga/precision":0.6756756756756757,"test_chief/recall":0.6811594202898551,"train/f1":0.8738898756660746,"test_chief/f1":0.6527777777777778,"train_chief/recall":0.896797153024911,"val_giga/auc":0.6317632850241546,"train_giga/f1":0.6932409012131716,"_wandb":{"runtime":3318},"test_giga/precision":0.5739130434782609,"train_chief/precision":0.9097472924187726,"test_giga/f1":0.717391304347826,"probability/chief_false_label":0.0676739364862442,"val_giga/f1":0.7107438016528925,"test_giga/auc":0.623792270531401,"test_chief/acc":0.6124031007751938,"reward":0.5197813510894775,"train_giga/acc":0.6576402321083172,"test/recall":0.7971014492753623,"test/acc":0.6124031007751938,"probability/gigapath_true_label":0.3043890595436096,"train/auc":0.933183545449062,"val_giga/recall":0.9347826086956522,"probability/chief_true_label":0.9323261380195618,"val_giga/acc":0.5930232558139535,"train/recall":0.8754448398576512,"reward_var":0.09857624024152756,"test_giga/recall":0.9565217391304348,"train_chief/auc":0.9574160082031485,"_timestamp":1.7513714898622835e+09,"val_chief/acc":0.6124031007751938,"val_chief/f1":0.6621621621621622,"train_giga/auc":0.7256921406598709}