{"_timestamp":1.7509094931785715e+09,"_wandb":{"runtime":46},"_runtime":46.69883519,"_step":0,"reward":0.1843346655368805}