{"test/recall":0.8656716417910447,"train_giga/f1":0.7137707281903388,"epoch":1,"classifier_giga_loss":0.7264068964365367,"train_giga/recall":0.8088235294117647,"_timestamp":1.751222673597259e+09,"probability/chief_false_label":0.6043692827224731,"train/precision":0.6387096774193548,"train/acc":0.6167953667953668,"test/auc":0.5890105922002888,"val/auc":0.6216787439613527,"probability/chief_true_label":0.39563077688217163,"_wandb":{"runtime":186},"train_giga/precision":0.6387096774193548,"val/acc":0.5813953488372093,"train_giga/auc":0.6373589530151683,"train_gaiga/acc":0.6167953667953668,"test/acc":0.5348837209302325,"val/recall":0.5507246376811594,"val/f1":0.5846153846153846,"_runtime":178.189372483,"_step":1046,"probability/gigapath_false_label":0.6335198879241943,"train/f1":0.7137707281903388,"reward":0.38084301352500916,"test/f1":0.6590909090909091,"val/precision":0.6229508196721312,"classifier_chief_loss":0.6325345070723402,"probability/gigapath_true_label":0.36648011207580566,"train/recall":0.8088235294117647,"train/auc":0.6373589530151683,"test/precision":0.5321100917431193}