{"train_giga/precision":0.7166392092257001,"probability/gigapath_true_label":0.6983799338340759,"test/auc":0.5959119496855345,"reward":0.6924319863319397,"test/precision":0.6733333333333333,"test/acc":0.5868725868725869,"train/auc":0.78579877015697,"probability/chief_false_label":0.31344595551490784,"train_giga/auc":0.78579877015697,"train/acc":0.7107235142118863,"_runtime":1406.51363985,"_wandb":{"runtime":1406},"probability/chief_true_label":0.6865540146827698,"probability/gigapath_false_label":0.30162009596824646,"_step":15659,"epoch":29,"test/f1":0.6537216828478964,"_timestamp":1.7510201237085311e+09,"train_gaiga/acc":0.7107235142118863,"train/recall":0.7463235294117647,"test/recall":0.6352201257861635,"val/auc":0.6352648202137998,"val/f1":0.6905537459283387,"classifier_giga_loss":0.6310074198413496,"val/acc":0.6332046332046332,"train_giga/recall":0.7463235294117647,"classifier_chief_loss":0.4535817077429424,"train/f1":0.7311802137111297,"train/precision":0.7166392092257001,"val/recall":0.7210884353741497,"val/precision":0.6625,"train_giga/f1":0.7311802137111297}