{"train/precision":0.8235089670512998,"probability/gigapath_true_label":0.7131488919258118,"train/acc":0.8266666666666667,"classifier_giga_loss":0.5998666792618952,"test/acc":0.5775193798449613,"train_giga/precision":0.8235089670512998,"val/acc":0.6201550387596899,"val/precision":0.6457142857142857,"_runtime":3378.186302775,"train/auc":0.908791095039813,"train/recall":0.9346745562130178,"val/f1":0.6975308641975309,"test/recall":0.7092198581560284,"train_gaiga/acc":0.8266666666666667,"_step":39299,"probability/chief_false_label":0.02691611461341381,"val/recall":0.7583892617449665,"train_giga/auc":0.908791095039813,"test/precision":0.5952380952380952,"train_giga/recall":0.9346745562130178,"test/f1":0.6472491909385113,"_timestamp":1.7510380711588042e+09,"probability/gigapath_false_label":0.28685107827186584,"train_giga/f1":0.8755773992091941,"reward":0.8262248635292053,"classifier_chief_loss":0.2054319276521359,"epoch":74,"test/auc":0.6053827968721586,"train/f1":0.8755773992091941,"probability/chief_true_label":0.9730839133262634,"val/auc":0.6451573178991441,"_wandb":{"runtime":3379}}