{"train_giga/auc":0.8504137468136043,"train/precision":0.7584597432905484,"reward":0.7071918845176697,"train_gaiga/acc":0.761330450942466,"probability/chief_false_label":0.12520630657672882,"train/acc":0.761330450942466,"train/auc":0.8504137468136043,"val/f1":0.6385964912280702,"train/recall":0.7282913165266106,"test/f1":0.5403225806451613,"_wandb":{"runtime":2677},"classifier_giga_loss":0.6142678804537083,"test/auc":0.5647546897546898,"test/recall":0.5075757575757576,"val/precision":0.6319444444444444,"train/f1":0.7430694484138325,"train_giga/recall":0.7282913165266106,"probability/gigapath_true_label":0.5823513269424438,"_timestamp":1.7510566339675157e+09,"train_giga/f1":0.7430694484138325,"test/precision":0.5775862068965517,"classifier_chief_loss":0.3513935725572244,"val/recall":0.6453900709219859,"_step":26672,"_runtime":2677.165820185,"train_giga/precision":0.7584597432905484,"val/auc":0.6554874383940378,"val/acc":0.6023166023166023,"test/acc":0.5581395348837209,"probability/gigapath_false_label":0.41764870285987854,"epoch":50,"probability/chief_true_label":0.8747936487197876}