{"train_giga/acc":0.5347490347490348,"expert_select":1,"train_giga/recall":0.7189542483660131,"epoch":0,"probability/chief_true_label":0.6673148274421692,"_wandb":{"runtime":123},"_timestamp":1.7518803317251813e+09,"reward_var":0.0024762696120887995,"_step":1040,"_runtime":111.035245252,"classifier_chief_loss":0.6767258998797667,"train/recall":0.8235294117647058,"train/precision":0.5957446808510638,"train_chief/recall":0.869281045751634,"train/acc":0.5656370656370656,"train_chief/acc":0.5926640926640927,"train/auc":0.5104051054384018,"reward":0.6150764226913452,"train_giga/f1":0.6461086637298091,"train_chief/f1":0.7160161507402423,"probability/gigapath_true_label":0.5677905678749084,"probability/gigapath_false_label":0.43220946192741394,"train/f1":0.691358024691358,"train_giga/auc":0.48903995560488345,"reward_mean":0.6175526976585388,"train_chief/precision":0.6086956521739131,"probability/chief_false_label":0.3326852023601532,"train_giga/precision":0.5866666666666667,"classifier_giga_loss":0.7450200306632804,"train_chief/auc":0.5499445061043285}