{"_timestamp":1.75077189174627e+09,"_runtime":86.656468821,"_step":517,"_wandb":{"runtime":86},"reward":-1.606398582458496}