{"reward":0.5652660131454468,"reward_mean":0.5844751000404358,"train/auc":0.5224904427179676,"_timestamp":1.7513598359015567e+09,"classifier_chief_loss":0.6863981976414739,"_step":520,"probability/gigapath_false_label":0.5541216731071472,"reward_var":0.019209066405892372,"classifier_giga_loss":0.7454176879556252,"train/acc":0.5714285714285714,"train/f1":0.6899441340782123,"train/recall":0.8071895424836601,"epoch":0,"_wandb":{"runtime":122},"probability/chief_true_label":0.7230718731880188,"probability/gigapath_true_label":0.4458783268928528,"train/precision":0.6024390243902439,"_runtime":122.367803477,"probability/chief_false_label":0.2769280970096588}