{"reward":0.39804807305336,"_timestamp":1.7509331536231387e+09,"val/acc":0.6162790697674418,"test/auc":0.723091976516634,"classifier_chief_loss":333.7303004562855,"val/auc":0.6681490384615384,"val/recall":0.4765625,"_runtime":165.16273916,"val/precision":0.6559139784946236,"train/acc":0.5907335907335908,"test/precision":0.6486486486486487,"test/acc":0.6085271317829457,"train/f1":0.6088560885608856,"train/recall":0.625,"train/auc":0.6154743796230017,"train/precision":0.5935251798561151,"epoch":1,"test/recall":0.21428571428571427,"_wandb":{"runtime":169},"_step":1044,"test/f1":0.3221476510067114,"classifier_giga_loss":384.0245403647423,"val/f1":0.5520361990950227}