{"val/acc":0.5907335907335908,"train_chief/recall":0.8608058608058609,"val_giga/f1":0.4954954954954955,"train_giga/auc":0.6778508376869032,"test_giga/acc":0.5444015444015444,"test_giga/auc":0.605856393129771,"val_giga/auc":0.6218988549618321,"test_chief/precision":0.6173913043478261,"train_chief/f1":0.8561020036429873,"val_chief/acc":0.6023166023166023,"test_chief/f1":0.5843621399176955,"_runtime":3201.541373018,"test_chief/acc":0.61003861003861,"reward_mean":0.22178898751735687,"train/auc":0.8774695250105085,"test/auc":0.6700858778625953,"train/acc":0.7911025145067698,"test/precision":0.616822429906542,"_step":20591,"test/acc":0.6023166023166023,"test/recall":0.515625,"_wandb":{"runtime":3201},"classifier_giga_loss":0.6432369346559278,"test_chief/auc":0.6654341603053435,"train/precision":0.8021978021978022,"probability/chief_true_label":0.1773112416267395,"train_giga/f1":0.6459854014598541,"val_giga/precision":0.5851063829787234,"test_giga/precision":0.5555555555555556,"test_giga/recall":0.390625,"val_giga/acc":0.5675675675675675,"classifier_chief_loss":0.399682326918077,"train_giga/precision":0.6436363636363637,"reward":0.21981072425842285,"val/f1":0.5508474576271186,"train/recall":0.8021978021978022,"val_chief/auc":0.66799856870229,"test_chief/recall":0.5546875,"train_chief/acc":0.8471953578336557,"probability/chief_false_label":0.8226886987686157,"train_chief/precision":0.8514492753623188,"train/f1":0.8021978021978022,"reward_var":0.0019782697781920433,"epoch":38,"_timestamp":1.7514285909124854e+09,"probability/gigapath_true_label":0.26626673340797424,"train_chief/auc":0.9175223683420405,"test_giga/f1":0.45871559633027525,"val_giga/recall":0.4296875,"probability/gigapath_false_label":0.7337332367897034,"val/auc":0.6796875,"train_giga/acc":0.6247582205029013,"val_chief/precision":0.6126126126126126,"val/recall":0.5078125,"train_giga/recall":0.6483516483516484,"test/f1":0.5617021276595745,"val/precision":0.6018518518518519,"val_chief/f1":0.5690376569037657,"val_chief/recall":0.53125}