{"test/recall":0.359375,"classifier_chief_loss":227.8806481974607,"test/f1":0.48677248677248675,"classifier_giga_loss":310.45953384414315,"train/recall":0.6764379302687098,"_wandb":{"runtime":1270},"reward":0.5389562845230103,"val/precision":0.6956521739130435,"train/auc":0.8194643577214188,"test/precision":0.7540983606557377,"val/recall":0.34532374100719426,"_timestamp":1.7507828187723541e+09,"val/auc":0.6690047961630695,"test/acc":0.624031007751938,"epoch":37,"_step":19835,"train/precision":0.7346840328027014,"val/acc":0.5675675675675675,"_runtime":1270.615349145,"train/acc":0.7396925582815841,"val/f1":0.46153846153846156,"test/auc":0.6776442307692307,"train/f1":0.7043588854202798}