{"probability/gigapath_true_label":0.6261515617370605,"reward":0.7351133823394775,"test/recall":0.8244274809160306,"test/auc":0.6716355112099537,"test_giga/auc":0.6401394482178276,"test_chief/acc":0.6007751937984496,"val_giga/auc":0.6293201899380899,"epoch":29,"probability/chief_true_label":0.8750505447387695,"_wandb":{"runtime":2032},"test_chief/recall":0.7709923664122137,"test_chief/precision":0.5804597701149425,"reward_mean":0.750601053237915,"val_chief/recall":0.7480916030534351,"test_giga/acc":0.5697674418604651,"train_chief/auc":0.8991445916114791,"test/precision":0.5714285714285714,"probability/gigapath_false_label":0.37384846806526184,"train_giga/acc":0.6293436293436293,"train/f1":0.8117283950617284,"train/recall":0.8708609271523179,"train_chief/recall":0.8940397350993378,"train_giga/f1":0.7073170731707317,"reward_var":0.015487675555050373,"train/precision":0.7601156069364162,"val/precision":0.5738636363636364,"val_giga/precision":0.5513513513513514,"val_chief/auc":0.6704333714010939,"test_chief/auc":0.6652040632325539,"val_chief/acc":0.5968992248062015,"train/acc":0.7644787644787645,"test_giga/recall":0.8244274809160306,"val/f1":0.6579804560260586,"val_giga/recall":0.7786259541984732,"val_chief/precision":0.5798816568047337,"test/acc":0.5968992248062015,"train/auc":0.8530475840078489,"_step":15869,"classifier_giga_loss":0.662099992460841,"train_giga/precision":0.655367231638418,"test_chief/f1":0.6622950819672131,"train_chief/acc":0.832046332046332,"val/acc":0.5930232558139535,"val/auc":0.6769249263689366,"classifier_chief_loss":0.4209538024389922,"test/f1":0.675,"val_chief/f1":0.6533333333333333,"train_giga/auc":0.6277133922001472,"probability/chief_false_label":0.12494944781064987,"_timestamp":1.7513783130946527e+09,"_runtime":2032.662828436,"train_giga/recall":0.7682119205298014,"train_chief/f1":0.861244019138756,"val/recall":0.7709923664122137,"val_giga/acc":0.5658914728682171,"val_giga/f1":0.6455696202531646,"test_giga/precision":0.5510204081632653,"train_chief/precision":0.8307692307692308,"test_giga/f1":0.6605504587155964}