{"train_giga/auc":0.5372733999260082,"train_giga/acc":0.5694980694980695,"train_giga/f1":0.6646616541353384,"val_giga/precision":0,"val_chief/acc":0.562015503875969,"classifier_giga_loss":0.7317827199100297,"train_giga/precision":0.6155988857938719,"_timestamp":1.7513622130834172e+09,"test_giga/precision":0,"val_chief/f1":0.549800796812749,"test_giga/acc":0.4806201550387597,"val_giga/f1":0,"test/precision":0,"val/recall":0,"_runtime":231.30571894,"test/auc":0.5822701011073664,"train_chief/precision":0.6942148760330579,"probability/gigapath_true_label":0.2566182017326355,"val/acc":0.4806201550387597,"val_giga/acc":0.4806201550387597,"test_chief/acc":0.5426356589147286,"reward_var":0.0009011502261273563,"_wandb":{"runtime":232},"test_giga/f1":0,"train/f1":0.724087591240876,"test_chief/precision":0.5666666666666667,"epoch":2,"train_chief/acc":0.6814671814671814,"probability/chief_false_label":0.6833434700965881,"test_chief/f1":0.5354330708661418,"test_giga/auc":0.6061025517573424,"test/f1":0,"train_giga/recall":0.7222222222222222,"train_chief/f1":0.7533632286995515,"reward":0.28573620319366455,"train_chief/auc":0.6880164015291652,"train/recall":0.8104575163398693,"val/auc":0.5915382763601348,"test/recall":0,"val/f1":0,"test_chief/recall":0.5074626865671642,"train/precision":0.6543535620052771,"probability/chief_true_label":0.31665652990341187,"val_chief/auc":0.5838950409244101,"val_chief/recall":0.5149253731343284,"test_giga/recall":0,"train/auc":0.624152176593908,"val_giga/recall":0,"train_chief/recall":0.8235294117647058,"_step":1580,"reward_mean":0.2866373658180237,"test_chief/auc":0.5713769860375542,"val/precision":0,"val_giga/auc":0.5866634569090033,"val_chief/precision":0.5897435897435898,"probability/gigapath_false_label":0.7433817982673645,"classifier_chief_loss":0.6233076394956314,"train/acc":0.6351351351351351,"test/acc":0.4806201550387597}