{"probability/gigapath_false_label":0.4979696571826935,"val/auc":0.6076690821256039,"_wandb":{"runtime":1187},"val/precision":0.5869565217391305,"test/recall":0.6492537313432836,"_timestamp":1.7510166117935658e+09,"classifier_giga_loss":0.631853884103992,"test/f1":0.6236559139784946,"train_giga/recall":0.843681917211329,"val/recall":0.5869565217391305,"val/acc":0.5581395348837209,"train/auc":0.7955904859869349,"probability/chief_true_label":0.945445716381073,"train/precision":0.7370048768883074,"test/precision":0.6,"train/recall":0.843681917211329,"classifier_chief_loss":0.4380664614606361,"test/auc":0.6524434280211844,"train/acc":0.7298101673101673,"epoch":23,"train_giga/f1":0.7867436988127738,"reward":0.6745837330818176,"test/acc":0.5930232558139535,"_runtime":1187.255229693,"train_gaiga/acc":0.7298101673101673,"train/f1":0.7867436988127738,"train_giga/precision":0.7370048768883074,"_step":12575,"train_giga/auc":0.7955904859869349,"probability/gigapath_true_label":0.5020303130149841,"probability/chief_false_label":0.054554328322410583,"val/f1":0.5869565217391305}