{"probability/gigapath_true_label":0.826528012752533,"train_gaiga/acc":0.742530684754522,"train_giga/auc":0.8268966876139598,"test/f1":0.45132743362831856,"classifier_chief_loss":0.37367426974948426,"classifier_giga_loss":0.6365467901666497,"_timestamp":1.751059201014244e+09,"train/f1":0.7289036262381499,"val/auc":0.5961354961832062,"train_giga/f1":0.7289036262381499,"val/acc":0.5907335907335908,"_step":25055,"train/precision":0.7409039840981765,"probability/chief_false_label":0.1609267145395279,"probability/gigapath_false_label":0.17347203195095062,"train_giga/precision":0.7409039840981765,"train_giga/recall":0.7172858099062919,"train/acc":0.742530684754522,"probability/chief_true_label":0.8390732407569885,"val/recall":0.40625,"_runtime":2557.887028592,"val/precision":0.6341463414634146,"train/auc":0.8268966876139598,"test/precision":0.6,"reward":0.832761287689209,"val/f1":0.49523809523809526,"train/recall":0.7172858099062919,"epoch":47,"test/recall":0.3617021276595745,"_wandb":{"runtime":2558},"test/auc":0.5830027647553793,"test/acc":0.5212355212355212}