{"test_chief/auc":0.6638239503816794,"probability/gigapath_true_label":0.3767143785953522,"_wandb":{"runtime":7090},"train_giga/recall":0.6886446886446886,"test/auc":0.6731870229007634,"probability/gigapath_false_label":0.6232856512069702,"val/precision":0.5722222222222222,"val/auc":0.6672829198473282,"classifier_giga_loss":0.6171796330371493,"val_chief/f1":0.6363636363636364,"reward_var":0.010362544097006321,"test_giga/acc":0.5521235521235521,"MoE_select_gigapath":253,"test/f1":0.6881028938906752,"train_chief/recall":0.9377289377289377,"_step":32735,"val/f1":0.6688311688311688,"val/recall":0.8046875,"train_chief/auc":0.9736684080946376,"train_chief/f1":0.9175627240143369,"reward":0.46814844012260437,"train_chief/precision":0.8982456140350877,"classifier_chief_loss":0.25502556923626446,"val_giga/acc":0.5405405405405406,"train_giga/auc":0.7180988410496607,"val_giga/auc":0.6137881679389313,"test_giga/recall":0.921875,"test_giga/auc":0.6010257633587787,"MoE_select_chief":264,"train/auc":0.949648711943794,"test_giga/f1":0.6704545454545454,"_runtime":7090.552633667,"train_giga/f1":0.6811594202898551,"train_giga/acc":0.6595744680851063,"test/recall":0.8359375,"train/precision":0.8600682593856656,"epoch":61,"val/acc":0.6061776061776062,"val_chief/recall":0.7109375,"train/f1":0.8904593639575972,"val_chief/precision":0.5759493670886076,"train/recall":0.9230769230769231,"val_chief/acc":0.5984555984555985,"test_giga/precision":0.5267857142857143,"test/precision":0.5846994535519126,"train_chief/acc":0.9110251450676983,"val_chief/auc":0.65231393129771,"probability/chief_false_label":0.4196924567222595,"test_chief/f1":0.6736842105263158,"val_giga/f1":0.6628895184135978,"test_chief/recall":0.75,"val_giga/recall":0.9140625,"test_chief/acc":0.640926640926641,"train/acc":0.8800773694390716,"probability/chief_true_label":0.5803075432777405,"train_giga/precision":0.6738351254480287,"reward_mean":0.4785109758377075,"test_chief/precision":0.6114649681528662,"_timestamp":1.7519862762689116e+09,"val_giga/precision":0.52,"test/acc":0.6254826254826255}