{"train/f1":0.9358372456964006,"test/f1":0.6266094420600858,"val_giga/auc":0.6000842561386616,"probability/gigapath_false_label":0.29262858629226685,"test_chief/recall":0.5447761194029851,"val_chief/auc":0.6636374578719306,"test_giga/acc":0.5658914728682171,"probability/chief_false_label":0.03405066952109337,"train/precision":0.8978978978978979,"test/recall":0.5447761194029851,"test_giga/recall":0.40298507462686567,"reward_mean":0.8366603255271912,"MoE_select_gigapath":518,"val_giga/precision":0.6111111111111112,"train_giga/f1":0.7760736196319018,"_timestamp":1.751887462948879e+09,"train_giga/acc":0.7181467181467182,"val_chief/f1":0.5665236051502146,"val_chief/precision":0.6666666666666666,"val/f1":0.5982905982905983,"_step":42319,"train_chief/auc":0.9925083240843506,"val_giga/f1":0.49107142857142855,"probability/gigapath_true_label":0.7073713541030884,"train_chief/precision":0.9519230769230769,"classifier_giga_loss":0.008948414449673954,"test/acc":0.6627906976744186,"test/precision":0.7373737373737373,"val_chief/acc":0.6085271317829457,"val_giga/acc":0.5581395348837209,"train_giga/precision":0.7312138728323699,"classifier_chief_loss":0.0026762061221689386,"train_chief/recall":0.9705882352941176,"test/auc":0.6787433798748195,"val/recall":0.5223880597014925,"test_chief/f1":0.6033057851239669,"test_giga/precision":0.627906976744186,"train_giga/recall":0.826797385620915,"val/precision":0.7,"probability/chief_true_label":0.965949296951294,"_runtime":5404.678696395,"test_giga/f1":0.4909090909090909,"train_chief/f1":0.9611650485436893,"val/acc":0.6356589147286822,"MoE_select_chief":0,"val_giga/recall":0.41044776119402987,"train/recall":0.9771241830065359,"train/auc":0.9774016524848934,"train/acc":0.9208494208494209,"test_giga/auc":0.6010471834376504,"test_chief/acc":0.627906976744186,"reward":0.8199446797370911,"test_chief/auc":0.6652022147327876,"val_chief/recall":0.4925373134328358,"val/auc":0.666345690900337,"_wandb":{"runtime":5404},"epoch":79,"train_chief/acc":0.9536679536679536,"train_giga/auc":0.755395239856949,"test_chief/precision":0.6759259259259259,"reward_var":0.0167156383395195}