{"val/auc":0.7086163522012578,"classifier_giga_loss":0.6337224005557582,"train/auc":0.8885099126193448,"train_giga/f1":0.8201278643775591,"test/f1":0.635036496350365,"_step":25626,"val/f1":0.6891891891891891,"test/recall":0.6304347826086957,"classifier_chief_loss":0.2656438141468799,"test/auc":0.6454106280193237,"test/acc":0.6124031007751938,"train/acc":0.8023131883314254,"val/precision":0.7445255474452555,"epoch":48,"probability/chief_false_label":0.24488821625709534,"train/recall":0.8291814946619217,"probability/gigapath_false_label":0.37686920166015625,"_runtime":3028.28106955,"train/f1":0.8201278643775591,"reward":0.6847665309906006,"train_giga/precision":0.8112698074326725,"val/recall":0.6415094339622641,"train_giga/recall":0.8291814946619217,"probability/gigapath_true_label":0.6231307983398438,"train_giga/auc":0.8885099126193448,"probability/chief_true_label":0.755111813545227,"_timestamp":1.7512574368272097e+09,"train_gaiga/acc":0.8023131883314254,"val/acc":0.6447876447876448,"train/precision":0.8112698074326725,"test/precision":0.6397058823529411,"_wandb":{"runtime":3028}}