{"test/precision":0.6029411764705882,"test/f1":0.6007326007326007,"test/acc":0.5775193798449613,"train/f1":0.8241133285079102,"epoch":85,"classifier_giga_loss":0.6108193445295038,"train_giga/precision":0.812171361023927,"train_giga/auc":0.899966205063198,"probability/chief_false_label":0.005424357485026121,"val/precision":0.6783216783216783,"train/precision":0.812171361023927,"_step":44977,"probability/chief_true_label":0.9945756196975708,"probability/gigapath_true_label":0.9262348413467407,"val/auc":0.6157580283793876,"_timestamp":1.751030443538297e+09,"probability/gigapath_false_label":0.07376514375209808,"val/recall":0.6217948717948718,"_runtime":3822.611990734,"train_giga/recall":0.8364117202585845,"test/auc":0.5780901248718103,"train_giga/f1":0.8241133285079102,"_wandb":{"runtime":3822},"test/recall":0.5985401459854015,"reward":0.9592376351356506,"classifier_chief_loss":0.25356625571866076,"train/acc":0.808713058341955,"val/f1":0.6488294314381271,"train/auc":0.899966205063198,"train_gaiga/acc":0.808713058341955,"val/acc":0.5945945945945946,"train/recall":0.8364117202585845}