{"_runtime":100.258743942,"_wandb":{"runtime":103},"classifier_chief_loss":357.2967361211777,"val/auc":0.6467548076923076,"train/auc":0.5558488427582916,"train/precision":0.541095890410959,"val/f1":0.5654008438818565,"val/precision":0.6146788990825688,"epoch":0,"_timestamp":1.7507793357236168e+09,"val/recall":0.5234375,"train/acc":0.5366795366795367,"reward":0.6018804311752319,"_step":521,"classifier_giga_loss":400.8610291108489,"train/f1":0.5683453237410072,"train/recall":0.5984848484848485,"val/acc":0.6007751937984496}