{"probability/chief_true_label":0.4982633888721466,"reward":0.532252311706543,"_timestamp":1.751042086318209e+09,"epoch":38,"val/f1":0.6976744186046512,"test/precision":0.7052631578947368,"val/acc":0.5984555984555985,"classifier_giga_loss":0.6620321237850327,"train/acc":0.7375273305505864,"probability/gigapath_true_label":0.5687235593795776,"train_giga/auc":0.8183948021363809,"train/recall":0.8219274977895668,"probability/gigapath_false_label":0.4312763810157776,"test/recall":0.7657142857142857,"train_gaiga/acc":0.7375273305505864,"classifier_chief_loss":0.4015795522181736,"train/precision":0.7398917542184018,"train_giga/precision":0.7398917542184018,"train_giga/recall":0.8219274977895668,"train_giga/f1":0.7787551311049677,"test/acc":0.6254826254826255,"_runtime":2066.7580092,"train/f1":0.7787551311049677,"val/precision":0.6629834254143646,"_step":20357,"test/f1":0.7342465753424657,"_wandb":{"runtime":2067},"val/recall":0.7361963190184049,"val/auc":0.6216129856850716,"train/auc":0.8183948021363809,"test/auc":0.5858503401360543,"probability/chief_false_label":0.5017366409301758}