{"epoch":73,"_timestamp":1.751026612400317e+09,"test/auc":0.6581715453507243,"train_giga/f1":0.8423721951115563,"test/precision":0.5628415300546448,"probability/chief_true_label":0.43928301334381104,"val/acc":0.5930232558139535,"classifier_giga_loss":0.625776512828803,"val/recall":0.7445255474452555,"_runtime":3522.670086519,"val/auc":0.608192073354648,"_wandb":{"runtime":3523},"train/auc":0.8918366247489659,"train_giga/recall":0.8844191873993198,"test/f1":0.6560509554140127,"train/precision":0.8041417470198137,"train/f1":0.8423721951115563,"train/acc":0.8070280705415841,"probability/gigapath_false_label":0.6790532469749451,"val/f1":0.6601941747572816,"train_giga/precision":0.8041417470198137,"classifier_chief_loss":0.25928405508237534,"train_giga/auc":0.8918366247489659,"test/acc":0.5813953488372093,"probability/gigapath_true_label":0.3209467828273773,"val/precision":0.5930232558139535,"reward":0.3766140341758728,"train_gaiga/acc":0.8070280705415841,"train/recall":0.8844191873993198,"test/recall":0.7862595419847328,"probability/chief_false_label":0.560716986656189,"_step":38775}