{"test/precision":0.5943396226415094,"train/precision":0.7433091823155404,"_wandb":{"runtime":2122},"val/precision":0.6597938144329897,"test/acc":0.6434108527131783,"_step":37032,"test/auc":0.6943493150684932,"_timestamp":1.7507881587939591e+09,"_runtime":2122.597942153,"val/auc":0.6627403846153846,"classifier_giga_loss":325.5973585806787,"val/recall":0.5,"test/f1":0.5779816513761468,"val/f1":0.5688888888888889,"test/recall":0.5625,"train/f1":0.7450166728417933,"reward":0.8710838556289673,"train/recall":0.7467320261437909,"train/acc":0.7394957983193278,"train/auc":0.8251546808621504,"epoch":50,"val/acc":0.624031007751938,"classifier_chief_loss":219.6655837338476}