{"val_giga/recall":0.9202453987730062,"test/f1":0.7741935483870968,"val_chief/recall":0.803680981595092,"train_chief/f1":0.9723076923076923,"train/acc":0.9593810444874274,"_step":54911,"val/auc":0.6762525562372188,"train/precision":0.954954954954955,"probability/chief_false_label":0.11975933611392975,"_runtime":8425.004060425,"train_chief/acc":0.965183752417795,"train_chief/precision":0.9693251533742331,"test/recall":0.8834355828220859,"val_giga/precision":0.6302521008403361,"MoE_select_gigapath":0,"train_chief/auc":0.9965617603786862,"train/recall":0.9814814814814815,"train/auc":0.9912364869186976,"train_giga/auc":0.7280112582357833,"_timestamp":1.7519446404024544e+09,"test_chief/precision":0.6902173913043478,"test/precision":0.6889952153110048,"test_giga/auc":0.587870654396728,"train_giga/precision":0.6976744186046512,"train/f1":0.9680365296803652,"train_chief/recall":0.9753086419753086,"probability/gigapath_false_label":0.6949412822723389,"test_chief/f1":0.7319884726224783,"val_chief/auc":0.6822597137014315,"val_chief/acc":0.6756756756756757,"test_chief/auc":0.6600204498977504,"test/auc":0.6555470347648262,"test_chief/recall":0.7791411042944786,"classifier_giga_loss":0.581777523799549,"test_giga/recall":0.9079754601226994,"val/acc":0.6756756756756757,"test_giga/precision":0.6271186440677966,"reward_mean":0.5926496386528015,"val_giga/auc":0.5759202453987731,"train_giga/acc":0.6692456479690522,"MoE_select_chief":517,"val_chief/precision":0.7158469945355191,"reward":0.509941041469574,"test_chief/acc":0.640926640926641,"probability/chief_true_label":0.8802406191825867,"reward_var":0.08270857483148575,"_wandb":{"runtime":8425},"epoch":103,"test_giga/f1":0.7418546365914787,"classifier_chief_loss":0.10928475534769964,"train_giga/recall":0.8333333333333334,"val/f1":0.7717391304347826,"val_giga/acc":0.61003861003861,"train_giga/f1":0.759493670886076,"test_giga/acc":0.6023166023166023,"val/precision":0.6926829268292682,"val/recall":0.8711656441717791,"probability/gigapath_true_label":0.30505868792533875,"test/acc":0.6756756756756757,"val_giga/f1":0.7481296758104738,"val_chief/f1":0.7572254335260116}