{"_timestamp":1.750918256797528e+09,"_runtime":71.649046993,"_step":62,"_wandb":{"runtime":72},"reward":0.6203353404998779}