{"val/acc":0.6162790697674418,"test/f1":0.3221476510067114,"_wandb":{"runtime":183},"_timestamp":1.7509339099075477e+09,"train/recall":0.625,"_runtime":179.274584622,"train/f1":0.6088560885608856,"train/auc":0.6154743796230017,"probability/chief_false_label":0.5804182291030884,"probability/gigapath_true_label":0.3774039149284363,"val/auc":0.6681490384615384,"train/acc":0.5907335907335908,"classifier_giga_loss":0.7413601165342515,"test/acc":0.6085271317829457,"val/f1":0.5520361990950227,"val/precision":0.6559139784946236,"epoch":1,"test/recall":0.21428571428571427,"probability/gigapath_false_label":0.6225960850715637,"test/precision":0.6486486486486487,"_step":1044,"train/precision":0.5935251798561151,"probability/chief_true_label":0.41958174109458923,"val/recall":0.4765625,"classifier_chief_loss":0.6442669892978484,"reward":0.39804807305336,"test/auc":0.723091976516634}