{"reward":0.7163601517677307,"test/f1":0.5846153846153846,"val/recall":0.7196969696969697,"epoch":21,"test/precision":0.5314685314685315,"train_giga/precision":0.696969696969697,"val/auc":0.6123136123136124,"train_giga/auc":0.7804577707431773,"test/acc":0.5813953488372093,"test/auc":0.6241740922591987,"train_gaiga/acc":0.6997191997191997,"_step":11527,"classifier_chief_loss":0.46742755323864205,"_timestamp":1.751053947844108e+09,"train/acc":0.6997191997191997,"train/auc":0.7804577707431773,"probability/gigapath_false_label":0.32935982942581177,"val/acc":0.5775193798449613,"train/precision":0.696969696969697,"val/precision":0.5688622754491018,"_runtime":1210.849068831,"train_giga/f1":0.7207442467765628,"probability/gigapath_true_label":0.670640230178833,"_wandb":{"runtime":1211},"train_giga/recall":0.7461980398783373,"train/recall":0.7461980398783373,"test/recall":0.6495726495726496,"train/f1":0.7207442467765628,"val/f1":0.6354515050167224,"probability/chief_false_label":0.2333068996667862,"classifier_giga_loss":0.6609949422388923,"probability/chief_true_label":0.766693115234375}