{"train_giga/f1":0.8714746012172322,"_runtime":4668.488582303,"train_giga/precision":0.8388084845700283,"train/acc":0.8440637065637066,"val/recall":0.6131386861313869,"train_giga/auc":0.9274009425013797,"probability/gigapath_false_label":0.8654267191886902,"classifier_giga_loss":0.6136972685722081,"probability/gigapath_true_label":0.13457328081130981,"_timestamp":1.7512394590521042e+09,"reward":0.3794252872467041,"test/precision":0.625,"probability/chief_false_label":0.008926001377403736,"train/f1":0.8714746012172322,"train/recall":0.9067880794701987,"train_gaiga/acc":0.8440637065637066,"train/precision":0.8388084845700283,"test/recall":0.7251908396946565,"test/f1":0.6713780918727915,"epoch":79,"_step":41919,"val/auc":0.5675936538577547,"_wandb":{"runtime":4669},"train/auc":0.9274009425013797,"train_giga/recall":0.9067880794701987,"val/precision":0.5562913907284768,"test/auc":0.6685700546973614,"probability/chief_true_label":0.9910740256309509,"val/f1":0.5833333333333334,"val/acc":0.5348837209302325,"classifier_chief_loss":0.1663906166714524,"test/acc":0.6395348837209303}