{"test_chief/acc":0.6525096525096525,"train_chief/auc":0.9547291092745639,"probability/chief_true_label":0.66702800989151,"test_chief/recall":0.6122448979591837,"train_giga/auc":0.6720997857361494,"test/auc":0.7057215743440233,"epoch":44,"test/f1":0.6761565836298933,"classifier_chief_loss":0.3134689737833634,"train/precision":0.83125,"val_chief/f1":0.6307692307692307,"train_chief/acc":0.8800773694390716,"train_chief/f1":0.8980263157894737,"train_giga/f1":0.6902086677367576,"test_giga/precision":0.6045197740112994,"probability/gigapath_false_label":0.5464005470275879,"test_giga/auc":0.6293124392614189,"test/recall":0.6462585034013606,"val_giga/acc":0.5945945945945946,"val/acc":0.6756756756756757,"test_giga/acc":0.5752895752895753,"val_chief/recall":0.5578231292517006,"train_giga/precision":0.6595092024539877,"train_giga/recall":0.7239057239057239,"probability/chief_false_label":0.33297204971313477,"_timestamp":1.751376273909721e+09,"reward":0.5489258170127869,"reward_mean":0.5603137612342834,"val_giga/f1":0.6728971962616822,"train_giga/acc":0.6266924564796905,"test_giga/recall":0.7278911564625851,"test_chief/f1":0.6666666666666666,"val_chief/auc":0.6860422740524781,"val_chief/acc":0.6293436293436293,"_runtime":2920.160503211,"test/precision":0.7089552238805971,"test_giga/f1":0.6604938271604939,"test_chief/precision":0.7317073170731707,"_step":23759,"probability/gigapath_true_label":0.4535994827747345,"val/f1":0.7083333333333334,"test/acc":0.6486486486486487,"_wandb":{"runtime":2920},"train/auc":0.9101775329048056,"val_giga/precision":0.6206896551724138,"val/auc":0.6980077745383869,"val/precision":0.723404255319149,"classifier_giga_loss":0.640826256192745,"test_chief/auc":0.7032312925170068,"reward_var":0.011387933976948261,"train_chief/recall":0.9191919191919192,"train/acc":0.8355899419729207,"train/f1":0.8622366288492707,"val/recall":0.6938775510204082,"val_chief/precision":0.7256637168141593,"val_giga/recall":0.7346938775510204,"train_chief/precision":0.8778135048231511,"train/recall":0.8956228956228957,"val_giga/auc":0.6384232264334305}