{"train/acc":0.7213366237577536,"test/auc":0.6475961538461539,"test/precision":0.6,"epoch":28,"train/auc":0.7983592539952509,"_wandb":{"runtime":1434},"train/precision":0.7139228448960152,"classifier_chief_loss":253.10790939396247,"test/recall":0.5390625,"test/f1":0.5679012345679012,"train/f1":0.6828120255086547,"train/recall":0.6542994325621999,"val/acc":0.6216216216216216,"val/recall":0.5683453237410072,"val/precision":0.6752136752136753,"val/f1":0.6171875,"_timestamp":1.7507896013566024e+09,"reward":0.8172110319137573,"_step":25477,"test/acc":0.5930232558139535,"_runtime":1434.773520413,"val/auc":0.6845323741007195,"classifier_giga_loss":330.5763587169349}