{"train/recall":0.8817216280451574,"val/precision":0.6796875,"train/acc":0.864693446088795,"train/auc":0.9500186124624974,"test/auc":0.6509433962264152,"_step":51677,"test/acc":0.5984555984555985,"classifier_chief_loss":0.10567971564685524,"test/f1":0.6338028169014085,"_timestamp":1.7512327787684927e+09,"train/f1":0.8729365050185669,"test/precision":0.72,"train_giga/f1":0.8729365050185669,"classifier_giga_loss":0.5627668688052095,"val/f1":0.6327272727272727,"probability/gigapath_false_label":0.5972549319267273,"val/acc":0.61003861003861,"train_giga/recall":0.8817216280451574,"_wandb":{"runtime":5620},"reward":0.49830055236816406,"probability/chief_true_label":0.6167565584182739,"epoch":98,"val/auc":0.6493561710398446,"train/precision":0.8643247178740444,"val/recall":0.5918367346938775,"train_giga/precision":0.8643247178740444,"probability/chief_false_label":0.3832434415817261,"probability/gigapath_true_label":0.4027450382709503,"_runtime":5620.228715654,"train_giga/auc":0.9500186124624974,"test/recall":0.5660377358490566,"train_gaiga/acc":0.864693446088795}