{"reward":0.9695726037025452,"_runtime":3021.267920573,"epoch":56,"train/recall":0.9035087719298246,"train_gaiga/acc":0.7852998065764023,"_step":29810,"test/acc":0.6332046332046332,"test/f1":0.7570332480818415,"val/acc":0.562015503875969,"val/precision":0.5642201834862385,"val/f1":0.6852367688022284,"probability/chief_true_label":0.9956148862838745,"train/acc":0.7852998065764023,"train/auc":0.8631388522243739,"val/auc":0.6385403406680003,"_wandb":{"runtime":3021},"val/recall":0.8723404255319149,"train_giga/auc":0.8631388522243739,"train_giga/f1":0.8406257084561324,"probability/gigapath_false_label":0.05517954006791115,"train_giga/precision":0.7859262399321747,"probability/chief_false_label":0.004385137930512428,"classifier_giga_loss":0.6249802503987023,"test/auc":0.6318379345603272,"_timestamp":1.7510451144089253e+09,"classifier_chief_loss":0.2858748581979651,"test/precision":0.6491228070175439,"train_giga/recall":0.9035087719298246,"train/f1":0.8406257084561324,"test/recall":0.9079754601226994,"train/precision":0.7859262399321747,"probability/gigapath_true_label":0.9448204040527344}