{"train/f1":0.82560706401766,"_runtime":2534.488581497,"train/recall":0.7890295358649789,"val/recall":0.5546875,"test/precision":0.6666666666666666,"val_giga/precision":0.6470588235294118,"reward":0.9199932217597961,"val/auc":0.6942908653846154,"_wandb":{"runtime":2534},"val_chief/precision":0.648,"train_chief/recall":0.8185654008438819,"test_giga/recall":0.328125,"val_chief/acc":0.6472868217054264,"_step":20063,"probability/gigapath_true_label":0.9006896018981934,"val_chief/auc":0.7054086538461539,"test/recall":0.515625,"train/acc":0.8471953578336557,"probability/chief_false_label":0.05992758274078369,"test_chief/auc":0.6872596153846156,"test_giga/precision":0.65625,"train_giga/f1":0.6622516556291391,"classifier_giga_loss":0.5623532559297532,"epoch":37,"val_giga/acc":0.5813953488372093,"train_chief/precision":0.8818181818181818,"val_giga/f1":0.4489795918367347,"val/f1":0.6016949152542372,"reward_var":0.0003877503622788936,"reward_mean":0.9203809499740601,"val/precision":0.6574074074074074,"train_chief/f1":0.849015317286652,"val_chief/f1":0.6403162055335968,"test_giga/f1":0.4375,"test/f1":0.5814977973568282,"val/acc":0.6356589147286822,"train_giga/auc":0.7808167570825799,"probability/chief_true_label":0.9400723576545715,"probability/gigapath_false_label":0.09931041300296783,"val_chief/recall":0.6328125,"classifier_chief_loss":0.3137852737389152,"test_chief/f1":0.6129032258064516,"test/auc":0.6882812500000001,"train_chief/acc":0.8665377176015474,"val_giga/auc":0.6418870192307692,"test_chief/recall":0.59375,"train/precision":0.8657407407407407,"train_giga/acc":0.7040618955512572,"test_giga/auc":0.6354567307692308,"train_giga/recall":0.6329113924050633,"train_giga/precision":0.6944444444444444,"train/auc":0.9196955997588909,"test_chief/precision":0.6333333333333333,"test/acc":0.6317829457364341,"val_giga/recall":0.34375,"_timestamp":1.7514082219244754e+09,"test_giga/acc":0.5813953488372093,"test_chief/acc":0.627906976744186,"train_chief/auc":0.9489602169981917}