{"val/precision":0.5614035087719298,"epoch":37,"test_chief/precision":0.5867346938775511,"val_chief/recall":0.7801418439716312,"val/acc":0.562015503875969,"val_chief/auc":0.5817421349336243,"test_chief/recall":0.8156028368794326,"test_giga/recall":1,"test_chief/acc":0.5852713178294574,"val_giga/acc":0.5503875968992248,"val_giga/auc":0.5314905740437655,"test/acc":0.5697674418604651,"train_giga/f1":0.764629388816645,"reward_mean":0.8159278631210327,"_runtime":2507.668467656,"train_chief/auc":0.952810650887574,"test_giga/auc":0.5407649875734982,"test/recall":0.9219858156028369,"train/recall":0.9556213017751479,"probability/gigapath_false_label":0.20826838910579681,"train_giga/auc":0.6458086785009862,"test_chief/auc":0.6079893313935867,"train/f1":0.8753387533875339,"classifier_chief_loss":0.32052954835601466,"_wandb":{"runtime":2508},"train/acc":0.8223938223938224,"train_giga/recall":0.8698224852071006,"val/f1":0.6937669376693767,"train_giga/acc":0.6505791505791506,"_step":20101,"val_giga/f1":0.7085427135678392,"train_chief/acc":0.862934362934363,"val/recall":0.9078014184397163,"test_giga/precision":0.5465116279069767,"probability/chief_false_label":0.15987594425678253,"test_giga/f1":0.706766917293233,"val/auc":0.5824089228344547,"reward":0.8153424263000488,"train/precision":0.8075,"_timestamp":1.7513891557676487e+09,"test/auc":0.6062920531005638,"reward_var":0.0005854550399817526,"train/auc":0.9130341880341881,"test/precision":0.5652173913043478,"val_chief/acc":0.5658914728682171,"val_giga/precision":0.5486381322957199,"test/f1":0.7008086253369272,"probability/chief_true_label":0.8401240110397339,"probability/gigapath_true_label":0.7917316555976868,"train_chief/f1":0.8998589562764457,"classifier_giga_loss":0.6151247219574497,"test_chief/f1":0.6824925816023739,"train_giga/precision":0.6821345707656613,"val_giga/recall":1,"train_chief/precision":0.8598382749326146,"train_chief/recall":0.9437869822485208,"val_chief/precision":0.5759162303664922,"test_giga/acc":0.5465116279069767,"val_chief/f1":0.6626506024096386}