{"reward":0.32239773869514465,"train/auc":0.8328570281798053,"probability/chief_true_label":0.5095900297164917,"classifier_chief_loss":0.41860841733324244,"train/acc":0.7520843060094711,"val/auc":0.6884892086330936,"val/acc":0.583011583011583,"probability/chief_false_label":0.4904100000858307,"_step":15166,"train/precision":0.7458709878466812,"_wandb":{"runtime":1331},"train/f1":0.7203370701978783,"train_giga/recall":0.6964935253892042,"classifier_giga_loss":0.5839627297231261,"test/recall":0.2265625,"train_gaiga/acc":0.7520843060094711,"val/recall":0.30935251798561153,"_timestamp":1.7510000523360865e+09,"test/precision":0.7073170731707317,"test/f1":0.3431952662721893,"test/acc":0.5697674418604651,"train_giga/f1":0.7203370701978783,"_runtime":1330.897031369,"test/auc":0.6923677884615385,"val/f1":0.44329896907216493,"probability/gigapath_false_label":0.812820315361023,"train/recall":0.6964935253892042,"probability/gigapath_true_label":0.18717965483665466,"val/precision":0.7818181818181819,"train_giga/auc":0.8328570281798053,"epoch":28,"train_giga/precision":0.7458709878466812}