{"probability/chief_true_label":0.818958044052124,"_wandb":{"runtime":2375},"train/auc":0.8519487418504647,"train_giga/f1":0.7706176961602671,"train_giga/auc":0.8519487418504647,"_timestamp":1.75105272800322e+09,"probability/gigapath_true_label":0.6725035905838013,"val/acc":0.6589147286821705,"train_giga/precision":0.7728756802009209,"train/precision":0.7728756802009209,"test/precision":0.6989247311827957,"train_giga/recall":0.7683728672492718,"classifier_chief_loss":0.3350203533177853,"test/auc":0.7013134328358209,"classifier_giga_loss":0.6336281658717696,"train/acc":0.763765312701483,"val/precision":0.6071428571428571,"train/recall":0.7683728672492718,"val/f1":0.6071428571428571,"train/f1":0.7706176961602671,"probability/gigapath_false_label":0.32749637961387634,"reward":0.7403686046600342,"_step":23534,"test/recall":0.52,"epoch":44,"val/recall":0.6071428571428571,"test/acc":0.6602316602316602,"train_gaiga/acc":0.763765312701483,"val/auc":0.7337328767123288,"test/f1":0.5963302752293578,"_runtime":2375.274042854,"probability/chief_false_label":0.1810419261455536}