{"train_chief/recall":0.8544776119402985,"val_chief/f1":0.5567765567765568,"test/f1":0.4896265560165975,"_wandb":{"runtime":2505},"val_chief/acc":0.5328185328185329,"train/precision":0.7958477508650519,"val_giga/f1":0.2604166666666667,"val_chief/auc":0.5909882997261638,"train_chief/precision":0.8481481481481481,"val_chief/recall":0.48717948717948717,"test_chief/acc":0.5328185328185329,"test_chief/precision":0.6422764227642277,"train_chief/auc":0.9208293211362543,"probability/gigapath_false_label":0.30224570631980896,"test_chief/f1":0.5663082437275986,"test_chief/recall":0.5064102564102564,"val/f1":0.47257383966244726,"train_chief/acc":0.8449612403100775,"train/recall":0.8582089552238806,"MoE_select_chief":0,"reward":0.8140616416931152,"val/precision":0.691358024691358,"train/acc":0.812015503875969,"train_giga/auc":0.6505777563793933,"train_chief/f1":0.8513011152416357,"test/precision":0.6941176470588235,"test/acc":0.525096525096525,"test/auc":0.5969629076425194,"train_giga/precision":0.621160409556314,"probability/chief_true_label":0.9664742350578308,"train_giga/acc":0.6182170542635659,"test_giga/recall":0.16666666666666666,"val/recall":0.358974358974359,"val_giga/precision":0.6944444444444444,"val_chief/precision":0.6495726495726496,"train/auc":0.8756469667790081,"probability/chief_false_label":0.03352576121687889,"classifier_chief_loss":0.3993682169072085,"_step":18971,"_runtime":2505.275195028,"val_giga/auc":0.5566343042071198,"probability/gigapath_true_label":0.6977542638778687,"train_giga/recall":0.6791044776119403,"val_giga/acc":0.4517374517374517,"_timestamp":1.7519123451852283e+09,"test/recall":0.3782051282051282,"train_giga/f1":0.6488413547237076,"test_giga/precision":0.7027027027027027,"val_giga/recall":0.16025641025641027,"classifier_giga_loss":0.6631783658075471,"test_chief/auc":0.588249937764501,"MoE_select_gigapath":516,"val/acc":0.5173745173745173,"test_giga/f1":0.2694300518134715,"test_giga/acc":0.4555984555984556,"val/auc":0.5919840677122231,"reward_var":0.018052605912089348,"reward_mean":0.8321142196655273,"train/f1":0.8258527827648114,"test_giga/auc":0.575056011949216,"epoch":35}