{"reward":0.6203353404998779,"_timestamp":1.7509326806940286e+09,"_wandb":{"runtime":84},"_runtime":84.472694443,"_step":62}