{"probability/chief_false_label":0.08571421355009079,"_wandb":{"runtime":53823},"train/auc":0.8250549775743284,"_step":18791,"train/f1":0.7475063972008982,"train/acc":0.740221362561788,"val/recall":0.6875,"classifier_chief_loss":0.40032278703339835,"probability/chief_true_label":0.9142858386039734,"val/acc":0.6434108527131783,"_timestamp":1.7509911030363781e+09,"val/precision":0.5746268656716418,"classifier_giga_loss":0.6364628792644931,"probability/gigapath_false_label":0.6026965379714966,"test/f1":0.6377952755905512,"test/recall":0.648,"val/auc":0.7095156555772995,"_runtime":53823.176854255,"train/precision":0.750445632798574,"val/f1":0.6260162601626016,"test/auc":0.6795223880597014,"reward":0.5889769196510315,"probability/gigapath_true_label":0.3973034620285034,"epoch":35,"test/acc":0.6447876447876448,"test/precision":0.627906976744186,"train/recall":0.7445900957136912}