{"_runtime":87.305273939,"_step":516,"_wandb":{"runtime":87},"reward":-1.6080925464630127,"_timestamp":1.7507712364756603e+09}