{"val/f1":0.6214285714285714,"val/recall":0.6796875,"test/auc":0.7381360078277887,"test/recall":0.75,"val/auc":0.6674278846153846,"train_giga/f1":0.7390609272307419,"_runtime":1720.169815151,"train/f1":0.7390609272307419,"_wandb":{"runtime":1720},"_step":16767,"train_giga/auc":0.8207286633560009,"epoch":31,"train_gaiga/acc":0.7341336872586872,"train/auc":0.8207286633560009,"reward":0.7524758577346802,"train/precision":0.7393673735339414,"probability/chief_true_label":0.9439190626144409,"classifier_giga_loss":0.6259369105604049,"train_giga/recall":0.7387547348484849,"train/acc":0.7341336872586872,"test/precision":0.5526315789473685,"test/acc":0.627906976744186,"val/precision":0.5723684210526315,"probability/gigapath_true_label":0.6150952577590942,"val/acc":0.5891472868217055,"classifier_chief_loss":0.40874458019858545,"probability/chief_false_label":0.0560808926820755,"test/f1":0.6363636363636364,"probability/gigapath_false_label":0.384904682636261,"_timestamp":1.7510468422594533e+09,"train/recall":0.7387547348484849,"train_giga/precision":0.7393673735339414}