{"train/f1":0.6921430370183833,"train_giga/f1":0.6921430370183833,"_runtime":1445.374419945,"val/recall":0.5869565217391305,"probability/gigapath_true_label":0.5020303130149841,"test/recall":0.6492537313432836,"epoch":23,"classifier_chief_loss":0.4380664614606361,"_step":12575,"_timestamp":1.751287704389877e+09,"train_giga/auc":0.6162173470235404,"val/f1":0.5869565217391305,"probability/chief_false_label":0.054554328322410583,"test/auc":0.6524434280211844,"train_giga/precision":0.6436768149882904,"reward":0.6745837330818176,"train/auc":0.6162173470235404,"_wandb":{"runtime":1445},"train/recall":0.7485021786492375,"probability/chief_true_label":0.945445716381073,"val/auc":0.6076690821256039,"classifier_giga_loss":0.631853884103992,"train_giga/recall":0.7485021786492375,"test/precision":0.6,"train_giga/acc":0.6066602316602316,"test/acc":0.5930232558139535,"test/f1":0.6236559139784946,"val/acc":0.5581395348837209,"val/precision":0.5869565217391305,"probability/gigapath_false_label":0.4979696571826935,"train/acc":0.6066602316602316,"train/precision":0.6436768149882904}