{"val/auc":0.6816105769230769,"train/f1":0.5488029465930019,"reward":0.4455183744430542,"train/precision":0.5340501792114696,"val/precision":0.7666666666666667,"test/f1":0.35135135135135137,"test/acc":0.627906976744186,"_runtime":133.990548046,"train/acc":0.527027027027027,"_step":651,"val/f1":0.2911392405063291,"test/recall":0.23214285714285715,"train/auc":0.5370287520878072,"_timestamp":1.750932927074725e+09,"val/acc":0.5658914728682171,"_wandb":{"runtime":134},"epoch":0,"classifier_giga_loss":401.2127868756652,"val/recall":0.1796875,"train/recall":0.5643939393939394,"test/precision":0.7222222222222222,"test/auc":0.7348336594911937,"classifier_chief_loss":361.9696685373783}