{"train_giga/precision":0.7794685441744266,"train/f1":0.7934954337019768,"probability/chief_true_label":0.793266236782074,"probability/gigapath_true_label":0.6328611373901367,"classifier_giga_loss":0.6311929974438374,"val/auc":0.6073562359970126,"_timestamp":1.7512762889234679e+09,"reward":0.7066312432289124,"val/acc":0.5752895752895753,"probability/chief_false_label":0.2067338079214096,"probability/gigapath_false_label":0.3671388626098633,"train_giga/f1":0.7934954337019768,"val/recall":0.5833333333333334,"test/auc":0.5610786028835133,"val/f1":0.6232876712328768,"test/precision":0.5634920634920635,"test/acc":0.5310077519379846,"train_gaiga/acc":0.7746615087040619,"train_giga/auc":0.8639457494216319,"_step":24057,"val/precision":0.6691176470588235,"train/recall":0.8080364150054936,"test/f1":0.5399239543726235,"train/acc":0.7746615087040619,"classifier_chief_loss":0.2996835375195225,"_wandb":{"runtime":4009},"_runtime":4008.077674516,"train/auc":0.8639457494216319,"train_giga/recall":0.8080364150054936,"train/precision":0.7794685441744266,"test/recall":0.5182481751824818,"epoch":45}