{"test/auc":0.9907318247472316,"train_giga/f1":0.670605612998523,"train/f1":0.6899441340782123,"test_chief/f1":0.6836734693877551,"train_giga/recall":0.7418300653594772,"test/recall":1,"val/precision":0.5193798449612403,"val_chief/recall":1,"probability/gigapath_false_label":0.5838598608970642,"val_giga/precision":0.5137254901960784,"train_giga/precision":0.6118598382749326,"reward_var":0.008867611177265644,"val/f1":0.6836734693877551,"test/acc":0.5193798449612403,"test_chief/acc":0.5193798449612403,"test/precision":0.5193798449612403,"val/acc":0.5193798449612403,"probability/chief_false_label":0.7721958160400391,"probability/chief_true_label":0.22780418395996094,"val_giga/acc":0.5077519379844961,"test_giga/recall":1,"test_giga/precision":0.5193798449612403,"val/auc":0.275999037072701,"test_giga/auc":0.9729176697159364,"train/acc":0.5714285714285714,"val_chief/auc":0.41772989889263357,"_wandb":{"runtime":165},"test_chief/auc":0.49641911410688494,"test_giga/f1":0.6836734693877551,"val/recall":1,"epoch":0,"val_giga/recall":0.9776119402985075,"train_chief/recall":0.8202614379084967,"val_giga/f1":0.6735218508997429,"_timestamp":1.751360930849357e+09,"train/precision":0.6024390243902439,"val_chief/f1":0.6836734693877551,"test_chief/recall":1,"train_chief/acc":0.5579150579150579,"classifier_chief_loss":0.6863981976414739,"train_giga/acc":0.5694980694980695,"test/f1":0.6836734693877551,"val_chief/precision":0.5193798449612403,"_step":591,"_runtime":164.464540275,"classifier_giga_loss":0.7454176879556252,"reward_mean":0.32197219133377075,"test_chief/precision":0.5193798449612403,"test_giga/acc":0.5193798449612403,"probability/gigapath_true_label":0.4161401689052582,"train_chief/f1":0.6867305061559508,"train/recall":0.8071895424836601,"val_chief/acc":0.5193798449612403,"train_giga/auc":0.5182050807744482,"reward":0.3131045699119568,"train_chief/precision":0.5905882352941176,"val_giga/auc":0.2638420799229658,"train/auc":0.5224904427179676,"train_chief/auc":0.5227216672832655}