{"val_chief/recall":0.5378787878787878,"train_giga/precision":0.5745614035087719,"MoE_select_gigapath":0,"test_chief/f1":0.5232067510548524,"val_giga/precision":0.5740740740740741,"test/f1":0.5304347826086957,"train_chief/acc":0.8220502901353965,"val_giga/auc":0.5864598364598366,"train_chief/precision":0.8227848101265823,"train_giga/auc":0.6455432172869148,"val_chief/acc":0.6085271317829457,"probability/gigapath_false_label":0.5309420824050903,"val_giga/acc":0.5503875968992248,"train_giga/recall":0.5346938775510204,"train_chief/f1":0.8091286307053942,"val_giga/f1":0.5166666666666667,"probability/chief_true_label":0.4917925298213959,"train/precision":0.7955555555555556,"test_chief/recall":0.4696969696969697,"test_chief/precision":0.5904761904761905,"_step":16895,"reward_mean":0.4804251790046692,"train/f1":0.7617021276595745,"test/precision":0.6224489795918368,"train/recall":0.7306122448979592,"test_giga/recall":0.5,"test_giga/auc":0.5987854737854738,"test_giga/f1":0.5409836065573771,"val_chief/f1":0.5843621399176955,"val/acc":0.5775193798449613,"val_chief/auc":0.6300505050505051,"val_giga/recall":0.4696969696969697,"test/auc":0.6133357383357383,"reward":0.48029595613479614,"classifier_chief_loss":0.41324800028145037,"train_giga/f1":0.5539112050739958,"test_giga/acc":0.5658914728682171,"train_chief/auc":0.9032262905162065,"train_chief/recall":0.7959183673469388,"val/auc":0.6234968734968734,"probability/chief_false_label":0.5082074999809265,"test/recall":0.4621212121212121,"val_chief/precision":0.6396396396396397,"test_chief/auc":0.6083453583453584,"MoE_select_chief":517,"val/f1":0.5321888412017167,"test_giga/precision":0.5892857142857143,"probability/gigapath_true_label":0.4690578579902649,"test_chief/acc":0.562015503875969,"train/auc":0.8620198079231692,"_timestamp":1.7519721524836562e+09,"test/acc":0.5813953488372093,"reward_var":0.0001292163215111941,"epoch":31,"_wandb":{"runtime":3685},"classifier_giga_loss":0.6565264373787136,"val/recall":0.4696969696969697,"train/acc":0.7833655705996132,"_runtime":3684.590204644,"train_giga/acc":0.5918762088974855,"val/precision":0.6138613861386139}