{"test/f1":0.7902439024390244,"train_chief/f1":0.9251700680272109,"val_chief/recall":0.84,"val_giga/auc":0.6199319727891155,"val_giga/recall":1,"classifier_chief_loss":0.2552951387051437,"train/precision":0.8754098360655738,"test_chief/auc":0.6094557823129252,"_step":28984,"val_giga/precision":0.6756756756756757,"probability/gigapath_false_label":0.16168051958084106,"train/recall":0.9206896551724137,"train_chief/recall":0.9379310344827586,"val_chief/auc":0.5720408163265306,"test_chief/acc":0.6486486486486487,"MoE_select_chief":0,"val_giga/f1":0.8064516129032258,"_timestamp":1.7519362078707154e+09,"train_giga/recall":0.6896551724137931,"val/recall":0.9142857142857143,"train_giga/f1":0.6655574043261231,"train/acc":0.8817829457364341,"val_chief/acc":0.6216216216216216,"val/f1":0.78239608801956,"probability/gigapath_true_label":0.8383194804191589,"train/auc":0.9445529447665547,"probability/chief_true_label":0.9960423707962036,"reward_mean":0.9171808958053589,"train_giga/auc":0.6660665242599939,"train/f1":0.8974789915966387,"test_chief/f1":0.7660668380462725,"test_chief/recall":0.8514285714285714,"test_giga/f1":0.8064516129032258,"train_chief/precision":0.912751677852349,"_runtime":3637.002884522,"test/auc":0.6178231292517007,"probability/chief_false_label":0.00395760964602232,"val_giga/acc":0.6756756756756757,"train_giga/acc":0.6104651162790697,"test_chief/precision":0.6962616822429907,"_wandb":{"runtime":3637},"val/auc":0.5911564625850341,"train_giga/precision":0.6430868167202572,"test_giga/auc":0.6018367346938776,"val_chief/f1":0.75,"reward":0.9109617471694946,"val/precision":0.6837606837606838,"test_giga/recall":1,"test/recall":0.9257142857142857,"test_giga/precision":0.6756756756756757,"test/acc":0.667953667953668,"val/acc":0.6563706563706564,"train_chief/auc":0.9714372902044554,"classifier_giga_loss":0.6437114495350871,"train_chief/acc":0.9147286821705426,"MoE_select_gigapath":516,"epoch":54,"val_chief/precision":0.6774193548387096,"test_giga/acc":0.6756756756756757,"reward_var":0.006219127681106329,"test/precision":0.6893617021276596}