{"_wandb":{"runtime":70},"reward":0.6203353404998779,"_timestamp":1.750914610601601e+09,"_runtime":70.53498913,"_step":62}