{"test/f1":0.6691449814126395,"probability/chief_false_label":0.09180662781000137,"probability/gigapath_true_label":0.639162540435791,"train/recall":0.7015046296296297,"train/auc":0.8431683142482257,"train_giga/f1":0.7253470560076591,"val/precision":0.6290322580645161,"reward":0.7555835247039795,"classifier_giga_loss":0.6445443330173807,"train_giga/precision":0.7508671952428146,"train_giga/auc":0.8431683142482257,"test/auc":0.6884292565947243,"train/acc":0.752906976744186,"val/recall":0.624,"epoch":35,"_runtime":1598.294819532,"train_gaiga/acc":0.752906976744186,"_wandb":{"runtime":1599},"train/f1":0.7253470560076591,"train/precision":0.7508671952428146,"test/precision":0.6923076923076923,"test/recall":0.6474820143884892,"probability/gigapath_false_label":0.3608374297618866,"val/acc":0.640926640926641,"classifier_chief_loss":0.3774866173206287,"val/f1":0.6265060240963856,"test/acc":0.6563706563706564,"_timestamp":1.7510016577613304e+09,"_step":18791,"val/auc":0.7186865671641791,"train_giga/recall":0.7015046296296297,"probability/chief_true_label":0.9081933498382568}