{"val/acc":0.5658914728682171,"_step":16212,"val/precision":0.559748427672956,"train_giga/auc":0.7904408495817628,"_timestamp":1.751034686271005e+09,"val/f1":0.6137931034482759,"val/recall":0.6793893129770993,"_wandb":{"runtime":1417},"probability/chief_true_label":0.702375590801239,"val/auc":0.5975235919937489,"train_gaiga/acc":0.7151681537405628,"train/acc":0.7151681537405628,"train/auc":0.7904408495817628,"train/recall":0.8099746779698338,"classifier_chief_loss":0.4568889326739307,"probability/gigapath_false_label":0.44883206486701965,"test/acc":0.5984555984555985,"train/f1":0.7632138596400229,"train/precision":0.7215574735190271,"train_giga/precision":0.7215574735190271,"epoch":30,"test/precision":0.6381578947368421,"test/recall":0.6643835616438356,"classifier_giga_loss":0.6827736737303853,"test/f1":0.6510067114093959,"probability/gigapath_true_label":0.5511679649353027,"probability/chief_false_label":0.297624409198761,"reward":0.6210558414459229,"train_giga/recall":0.8099746779698338,"train_giga/f1":0.7632138596400229,"test/auc":0.5900715238210692,"_runtime":1417.162421537}