{"train/acc":0.5714285714285714,"probability/gigapath_false_label":0.5541216731071472,"probability/chief_true_label":0.7230718731880188,"train/precision":0.6024390243902439,"train/auc":0.5224904427179676,"classifier_giga_loss":0.7454176879556252,"_step":520,"_timestamp":1.7513581829291177e+09,"reward_mean":0.5844751000404358,"train/f1":0.6899441340782123,"train/recall":0.8071895424836601,"reward":0.5652660131454468,"classifier_chief_loss":0.6863981976414739,"reward_var":0.019209066405892372,"probability/chief_false_label":0.2769280970096588,"probability/gigapath_true_label":0.4458783268928528,"epoch":0,"_wandb":{"runtime":128},"_runtime":128.128759997}