{"train_giga/precision":0.6368876080691642,"train/acc":0.6737451737451737,"train_giga/acc":0.5926640926640927,"test_chief/recall":0.7835820895522388,"train/f1":0.7488855869242199,"test/recall":0.8582089552238806,"val_chief/precision":0.5783783783783784,"train_chief/acc":0.696911196911197,"MoE_select_chief":2,"val_giga/auc":0.5611458834857969,"MoE_select_gigapath":516,"val/auc":0.6383606162734713,"probability/chief_false_label":0.38783204555511475,"val/f1":0.656891495601173,"val/precision":0.5410628019323671,"epoch":5,"test_chief/f1":0.6501547987616099,"val_giga/f1":0.6489675516224189,"reward_var":0.004144418518990278,"val_giga/acc":0.5387596899224806,"train/auc":0.6990843507214206,"train_chief/recall":0.8366013071895425,"val/recall":0.835820895522388,"test_chief/acc":0.562015503875969,"train_giga/recall":0.7222222222222222,"classifier_giga_loss":0.01079506243358395,"test_giga/auc":0.5696918632643235,"val_chief/auc":0.6450409244102071,"test/acc":0.5581395348837209,"test_giga/recall":0.835820895522388,"train_giga/f1":0.6768759571209801,"val_chief/f1":0.670846394984326,"test_giga/f1":0.6511627906976745,"val/acc":0.5465116279069767,"val_chief/acc":0.5930232558139535,"test/auc":0.6299951853635051,"val_giga/precision":0.5365853658536586,"_wandb":{"runtime":471},"probability/chief_true_label":0.6121679544448853,"test_chief/precision":0.5555555555555556,"classifier_chief_loss":0.009135954018635496,"test_giga/precision":0.5333333333333333,"test/f1":0.6686046511627907,"train_chief/auc":0.741830065359477,"test_chief/auc":0.630958112662494,"reward_mean":0.6765451431274414,"_timestamp":1.7518819837636464e+09,"train/recall":0.8235294117647058,"_runtime":457.349708531,"train_chief/precision":0.7052341597796143,"train_giga/auc":0.6054692317178443,"test_giga/acc":0.5348837209302325,"_step":3167,"val_chief/recall":0.7985074626865671,"probability/gigapath_true_label":0.7409222722053528,"train_chief/f1":0.7653213751868461,"probability/gigapath_false_label":0.2590777277946472,"test/precision":0.5476190476190477,"train/precision":0.6866485013623979,"reward":0.672400712966919,"val_giga/recall":0.8208955223880597}