{"test_giga/precision":0.75,"test/auc":0.7416218199608611,"probability/gigapath_false_label":0.33323580026626587,"val/f1":0.5621621621621622,"classifier_chief_loss":0.4111078558337419,"test_giga/f1":0.36486486486486486,"val/acc":0.686046511627907,"train/f1":0.7674858223062382,"val_chief/precision":0.5929203539823009,"test_giga/auc":0.7034001956947162,"val_giga/recall":0.25,"_step":14811,"val_chief/recall":0.5982142857142857,"train_chief/f1":0.8264150943396227,"val_giga/acc":0.6434108527131783,"train/recall":0.7689393939393939,"train_giga/acc":0.6254826254826255,"test_chief/precision":0.5964912280701754,"train_giga/f1":0.6367041198501873,"test/f1":0.5434782608695652,"train_giga/auc":0.6885140777857315,"test_giga/recall":0.24107142857142858,"reward_mean":0.7970799803733826,"val_chief/f1":0.5955555555555555,"train/acc":0.7625482625482626,"train_chief/recall":0.8295454545454546,"test/recall":0.44642857142857145,"train_giga/precision":0.6296296296296297,"classifier_giga_loss":0.6328325929609218,"probability/chief_true_label":0.927395761013031,"val_giga/precision":0.7777777777777778,"train_giga/recall":0.6439393939393939,"test/precision":0.6944444444444444,"test_chief/recall":0.6071428571428571,"reward_var":0.016982203349471092,"test_chief/acc":0.6511627906976745,"val/precision":0.7123287671232876,"val/recall":0.4642857142857143,"train_chief/acc":0.8223938223938224,"_timestamp":1.7514056808322656e+09,"_runtime":1878.676638786,"train_chief/auc":0.9041696492483894,"train/precision":0.7660377358490567,"test_chief/f1":0.6017699115044248,"probability/gigapath_true_label":0.6667641997337341,"reward":0.7800977826118469,"train/auc":0.8570150322118826,"test_chief/auc":0.728167808219178,"probability/chief_false_label":0.07260430604219437,"train_chief/precision":0.8233082706766918,"epoch":27,"_wandb":{"runtime":1879},"val_chief/acc":0.6472868217054264,"test_giga/acc":0.6356589147286822,"test/acc":0.6744186046511628,"val_giga/auc":0.727495107632094,"val/auc":0.7473091976516635,"val_giga/f1":0.3783783783783784,"val_chief/auc":0.7292074363992173}