{"test_chief/auc":0.4732486759749638,"test_chief/recall":0.9328358208955224,"train_chief/auc":0.46800622764829203,"test_chief/f1":0.6684491978609626,"train_chief/recall":0.8790849673202614,"classifier_giga_loss":0.010650822299471462,"_step":4673,"test/auc":0.5051155512758787,"reward_var":0.0014315956505015492,"epoch":3,"test_giga/precision":0.5193798449612403,"val/acc":0.5193798449612403,"_wandb":{"runtime":371},"train/auc":0.4896565544456776,"test/recall":1,"test_giga/auc":0.5316562349542608,"train/acc":0.581081081081081,"_timestamp":1.751881497762532e+09,"val_giga/precision":0.5193798449612403,"reward":0.5748506784439087,"val_chief/f1":0.670299727520436,"val_giga/f1":0.6836734693877551,"val_giga/auc":0.5025276841598459,"test_chief/precision":0.5208333333333334,"test/precision":0.5193798449612403,"val_chief/precision":0.5278969957081545,"train_chief/f1":0.7032679738562092,"classifier_chief_loss":0.010759762211425885,"train_giga/auc":0.523399926008139,"train/f1":0.7235668789808917,"train_giga/recall":0.8333333333333334,"val/precision":0.5193798449612403,"test_chief/acc":0.5193798449612403,"val_chief/acc":0.5310077519379846,"test_giga/acc":0.5193798449612403,"train_chief/acc":0.5617760617760618,"reward_mean":0.576282262802124,"train/precision":0.592901878914405,"train_giga/precision":0.5902777777777778,"train_giga/acc":0.5598455598455598,"probability/chief_true_label":0.5384458303451538,"test/acc":0.5193798449612403,"val/recall":1,"val/f1":0.6836734693877551,"train_chief/precision":0.5860566448801743,"train/recall":0.9281045751633987,"val_chief/auc":0.47707029369282616,"test_giga/f1":0.6836734693877551,"train_giga/f1":0.6910569105691057,"val_chief/recall":0.917910447761194,"probability/chief_false_label":0.4615541696548462,"test/f1":0.6836734693877551,"probability/gigapath_false_label":0.38588133454322815,"expert_select":1,"val_giga/recall":1,"test_giga/recall":1,"_runtime":371.314068429,"val/auc":0.4859171882522869,"probability/gigapath_true_label":0.6141186952590942,"val_giga/acc":0.5193798449612403}