{"probability/chief_false_label":0.6470766067504883,"classifier_chief_loss":0.6233076394956314,"classifier_giga_loss":0.7317827199100297,"val/acc":0.5155038759689923,"train/recall":0.826797385620915,"_step":1964,"test/precision":0.5179282868525896,"probability/chief_true_label":0.3529233932495117,"train/f1":0.7221693625118935,"train/precision":0.6410472972972973,"train/auc":0.622334922788123,"val/recall":0.9776119402985075,"test/auc":0.6324626865671641,"train_giga/acc":0.5643500643500643,"epoch":2,"train_giga/f1":0.6626806178375685,"test/recall":0.9701492537313433,"val/precision":0.5177865612648221,"_runtime":283.476332559,"train_giga/auc":0.5297663090393391,"probability/gigapath_false_label":0.7475042939186096,"train_giga/recall":0.724400871459695,"probability/gigapath_true_label":0.2524957060813904,"val/f1":0.6770025839793282,"_timestamp":1.7513570809235177e+09,"reward":0.3001881241798401,"val/auc":0.6378791526239769,"train/acc":0.6241956241956242,"test/acc":0.5155038759689923,"train_giga/precision":0.610651974288338,"test/f1":0.6753246753246753,"_wandb":{"runtime":284}}