{"train/precision":0.711633838741675,"train/f1":0.6815498405374228,"val/acc":0.6602316602316602,"train/recall":0.65390625,"classifier_giga_loss":325.7647653967142,"val/recall":0.448,"test/f1":0.5822784810126582,"test/auc":0.6801558752997603,"_runtime":1520.013349398,"val/f1":0.56,"_timestamp":1.7507911287555506e+09,"test/precision":0.7040816326530612,"train/acc":0.7157824612403101,"test/acc":0.6177606177606177,"_step":26991,"val/auc":0.6957014925373135,"train/auc":0.7966848401055819,"classifier_chief_loss":229.40511058969423,"val/precision":0.7466666666666667,"test/recall":0.49640287769784175,"_wandb":{"runtime":1520},"epoch":31,"reward":0.8819257616996765}