{"train_chief/recall":0.8122743682310469,"probability/chief_true_label":0.4102115333080292,"train_giga/f1":0.6334519572953736,"train_giga/recall":0.6425992779783394,"train/precision":0.7534246575342466,"test/f1":0.5413533834586466,"train_chief/acc":0.7891682785299806,"test_chief/f1":0.5363984674329502,"test_chief/auc":0.5355613199010677,"train_giga/acc":0.6015473887814313,"test_giga/recall":0.45985401459854014,"val_chief/precision":0.5775862068965517,"_wandb":{"runtime":1626},"test_chief/precision":0.5645161290322581,"epoch":22,"MoE_select_gigapath":0,"train/acc":0.7504835589941973,"val/recall":0.48175182481751827,"val/f1":0.5217391304347826,"val/acc":0.5310077519379846,"train_chief/auc":0.8672081829121541,"train_giga/auc":0.629121540312876,"test/acc":0.5271317829457365,"test_giga/acc":0.4806201550387597,"test/auc":0.5386981962960729,"classifier_chief_loss":0.474116154978812,"val_chief/acc":0.5387596899224806,"val_giga/recall":0.48905109489051096,"probability/chief_false_label":0.5897884368896484,"test/recall":0.5255474452554745,"test_giga/precision":0.5121951219512195,"val_chief/auc":0.542679616335887,"test_chief/recall":0.5109489051094891,"test_giga/f1":0.4846153846153846,"train_chief/f1":0.8050089445438283,"val_chief/f1":0.5296442687747036,"reward_mean":0.47709399461746216,"test_chief/acc":0.5310077519379846,"classifier_giga_loss":0.6695758551791512,"val_giga/precision":0.5234375,"probability/gigapath_false_label":0.45602351427078247,"val_giga/auc":0.5290462689268263,"_step":12143,"val_chief/recall":0.48905109489051096,"probability/gigapath_true_label":0.5439764857292175,"test/precision":0.5581395348837209,"train/f1":0.773286467486819,"test_giga/auc":0.5183688242745973,"train/recall":0.7942238267148014,"_timestamp":1.751909832936924e+09,"val_giga/f1":0.5056603773584906,"val/precision":0.5689655172413793,"MoE_select_chief":517,"_runtime":1625.807310852,"train_chief/precision":0.7978723404255319,"reward_var":0.00447326572611928,"reward":0.47262072563171387,"val/auc":0.544127405441274,"train_giga/precision":0.624561403508772,"val_giga/acc":0.49224806201550386,"train/auc":0.8267900120336944}