{"val/acc":0.640926640926641,"_timestamp":1.7510503456553202e+09,"test/f1":0.6691449814126395,"probability/gigapath_false_label":0.3608374297618866,"val/f1":0.6265060240963856,"train_giga/f1":0.7253470560076591,"val/auc":0.7186865671641791,"train_giga/auc":0.8431683142482257,"_runtime":1931.525587871,"val/recall":0.624,"classifier_giga_loss":0.6445443330173807,"_step":18791,"classifier_chief_loss":0.3774866173206287,"train_giga/precision":0.7508671952428146,"train/acc":0.752906976744186,"train/recall":0.7015046296296297,"test/auc":0.6884292565947243,"train_gaiga/acc":0.752906976744186,"test/acc":0.6563706563706564,"epoch":35,"train_giga/recall":0.7015046296296297,"train/f1":0.7253470560076591,"train/auc":0.8431683142482257,"reward":0.7555835247039795,"test/precision":0.6923076923076923,"_wandb":{"runtime":1931},"probability/chief_true_label":0.9081933498382568,"val/precision":0.6290322580645161,"train/precision":0.7508671952428146,"test/recall":0.6474820143884892,"probability/chief_false_label":0.09180662781000137,"probability/gigapath_true_label":0.639162540435791}