{"val_chief/auc":0.6677358490566039,"classifier_chief_loss":0.002965690552122323,"train/auc":0.9775192864030858,"test/recall":0.7484276729559748,"probability/chief_false_label":0.0011528163449838758,"test_chief/acc":0.6023166023166023,"classifier_giga_loss":0.00890541802084411,"train/f1":0.9298892988929889,"val_chief/f1":0.6887417218543046,"val_chief/precision":0.7272727272727273,"test_giga/auc":0.649496855345912,"probability/gigapath_true_label":0.7326087951660156,"train_giga/precision":0.6996336996336996,"test_giga/recall":0.8742138364779874,"val/recall":0.7295597484276729,"train_giga/f1":0.7009174311926606,"val/f1":0.709480122324159,"probability/gigapath_false_label":0.2673912048339844,"test/auc":0.6708176100628931,"_timestamp":1.7518984870132551e+09,"test/acc":0.6486486486486487,"val_giga/acc":0.6602316602316602,"test_giga/acc":0.6293436293436293,"val/acc":0.6332046332046332,"test_giga/precision":0.6465116279069767,"test_giga/f1":0.7433155080213903,"_step":51645,"train_giga/recall":0.7022058823529411,"val_giga/recall":0.9056603773584906,"val/precision":0.6904761904761905,"reward":0.8480072617530823,"train/acc":0.9263565891472868,"test_chief/recall":0.6037735849056604,"train_giga/acc":0.6841085271317829,"val_giga/precision":0.663594470046083,"val_giga/auc":0.6655974842767295,"train_chief/precision":0.9583333333333334,"train/precision":0.9333333333333333,"train/recall":0.9264705882352942,"train_giga/auc":0.7715013259402121,"train_chief/auc":0.9864995178399228,"_runtime":6629.021112367,"test_chief/precision":0.7058823529411765,"test_chief/f1":0.6508474576271186,"_wandb":{"runtime":6629},"reward_mean":0.865727961063385,"MoE_select_chief":0,"val_chief/recall":0.6540880503144654,"MoE_select_gigapath":516,"reward_var":0.01772071234881878,"val_giga/f1":0.7659574468085106,"train_chief/acc":0.9418604651162791,"val/auc":0.6920125786163523,"train_chief/recall":0.9301470588235294,"test/f1":0.723404255319149,"test/precision":0.7,"val_chief/acc":0.637065637065637,"test_chief/auc":0.6617610062893082,"train_chief/f1":0.9440298507462687,"probability/chief_true_label":0.9988471269607544,"epoch":97}