{"val/f1":0.35294117647058826,"val/recall":0.234375,"train/f1":0.590990990990991,"train/acc":0.5617760617760618,"_timestamp":1.7507703806892238e+09,"val/acc":0.5736434108527132,"train/recall":0.6212121212121212,"test/precision":0.6842105263157895,"val/auc":0.6685697115384616,"_runtime":101.840576278,"_step":522,"epoch":0,"reward":0.4969981014728546,"classifier_chief_loss":355.44469071924686,"test/auc":0.694043542074364,"_wandb":{"runtime":102},"train/precision":0.563573883161512,"classifier_giga_loss":417.70023822039366,"val/precision":0.7142857142857143,"test/recall":0.3482142857142857,"test/f1":0.46153846153846156,"test/acc":0.6472868217054264,"train/auc":0.5867036506800286}