{"train/acc":0.763765312701483,"train_giga/precision":0.7728756802009209,"train/precision":0.7728756802009209,"_wandb":{"runtime":1986},"_timestamp":1.7510036503084285e+09,"reward":0.7403686046600342,"val/f1":0.6071428571428571,"val/auc":0.7337328767123288,"probability/gigapath_false_label":0.32749637961387634,"probability/chief_true_label":0.818958044052124,"test/precision":0.6989247311827957,"val/recall":0.6071428571428571,"probability/gigapath_true_label":0.6725035905838013,"test/acc":0.6602316602316602,"train/f1":0.7706176961602671,"test/recall":0.52,"classifier_chief_loss":0.3350203533177853,"_step":23534,"test/f1":0.5963302752293578,"probability/chief_false_label":0.1810419261455536,"val/acc":0.6589147286821705,"classifier_giga_loss":0.6336281658717696,"train/recall":0.7683728672492718,"test/auc":0.7013134328358209,"train/auc":0.8519487418504647,"train_giga/f1":0.7706176961602671,"train_giga/auc":0.8519487418504647,"epoch":44,"_runtime":1986.147485062,"train_giga/recall":0.7683728672492718,"train_gaiga/acc":0.763765312701483,"val/precision":0.6071428571428571}