{"_timestamp":1.7509325459499137e+09,"_runtime":76.364945065,"_step":62,"_wandb":{"runtime":76},"reward":0.6203353404998779}