{"train_chief/auc":0.9708275481106582,"_step":27507,"MoE_select_chief":0,"probability/chief_false_label":0.029698926955461502,"train/auc":0.9453576387333721,"reward_var":0.01749875396490097,"probability/gigapath_true_label":0.7057353854179382,"val_chief/auc":0.6243559435048797,"epoch":51,"test/recall":0.6752136752136753,"val_giga/recall":0.8205128205128205,"train_giga/acc":0.6467181467181468,"classifier_giga_loss":0.6153025783339523,"val/f1":0.623574144486692,"train/acc":0.8667953667953668,"test_giga/auc":0.6258713705522216,"val_chief/f1":0.5761316872427984,"reward_mean":0.8380182385444641,"_runtime":5990.180342332,"val/recall":0.7008547008547008,"test_giga/recall":0.7521367521367521,"test_giga/acc":0.5775193798449613,"test/acc":0.5813953488372093,"train_chief/precision":0.9216417910447762,"train_giga/f1":0.6629834254143646,"reward":0.8205195069313049,"val_chief/precision":0.5555555555555556,"val_giga/f1":0.6378737541528239,"probability/chief_true_label":0.97030109167099,"train_giga/precision":0.656934306569343,"train_giga/recall":0.6691449814126395,"MoE_select_gigapath":518,"val_giga/precision":0.5217391304347826,"test_chief/f1":0.592,"train_chief/f1":0.9199255121042831,"test_chief/acc":0.6046511627906976,"train_chief/acc":0.916988416988417,"val/acc":0.6162790697674418,"val/auc":0.6422379826635146,"test_chief/auc":0.6261138388797963,"test_giga/f1":0.6175438596491228,"probability/gigapath_false_label":0.294264554977417,"val_chief/acc":0.6007751937984496,"_wandb":{"runtime":5990},"train/precision":0.8496503496503497,"train_giga/auc":0.7148743673579074,"val_giga/acc":0.5775193798449613,"test_chief/recall":0.6324786324786325,"test_giga/precision":0.5238095238095238,"_timestamp":1.7519684586895468e+09,"test/auc":0.644783900103049,"val_chief/recall":0.5982905982905983,"train/f1":0.8756756756756757,"train_chief/recall":0.9182156133828996,"train/recall":0.9033457249070632,"test_chief/precision":0.556390977443609,"val_giga/auc":0.6381766381766383,"test/precision":0.5302013422818792,"test/f1":0.5939849624060151,"val/precision":0.5616438356164384,"classifier_chief_loss":0.2592790426201558}