{"_runtime":2961.75603838,"test_chief/auc":0.5731889469753547,"val/auc":0.5898058252427184,"train/auc":0.9110345450168511,"train/acc":0.8255813953488372,"val_chief/precision":0.6354166666666666,"val_chief/acc":0.5984555984555985,"_wandb":{"runtime":2962},"reward_var":0.027154047042131424,"train_chief/f1":0.874296435272045,"val_chief/recall":0.782051282051282,"val/precision":0.6146788990825688,"val_giga/auc":0.5788523773960668,"test_giga/recall":0.9871794871794872,"test_giga/f1":0.751219512195122,"train_chief/precision":0.879245283018868,"_step":23187,"test/f1":0.704,"val_giga/precision":0.60546875,"test_giga/acc":0.6061776061776062,"probability/gigapath_false_label":0.7852382659912109,"probability/chief_false_label":0.4556685984134674,"test_chief/f1":0.6627218934911243,"train_giga/acc":0.6201550387596899,"probability/chief_true_label":0.5443313717842102,"probability/gigapath_true_label":0.21476168930530548,"test_giga/precision":0.6062992125984252,"train_chief/recall":0.8694029850746269,"_timestamp":1.7513829115402591e+09,"val_chief/f1":0.7011494252873564,"val/acc":0.5907335907335908,"train_chief/acc":0.8701550387596899,"test_chief/recall":0.717948717948718,"test/precision":0.6027397260273972,"classifier_chief_loss":0.3188662849272585,"val_giga/recall":0.9935897435897436,"train/f1":0.8333333333333334,"train_giga/precision":0.6343283582089553,"test_chief/precision":0.6153846153846154,"test/acc":0.5714285714285714,"classifier_giga_loss":0.6518414112876436,"reward":0.3523924648761749,"train_chief/auc":0.9543963649494462,"test/auc":0.5772964899178491,"val_chief/auc":0.5845780433159073,"val/f1":0.7165775401069518,"test_giga/auc":0.5733756534727408,"train/recall":0.8395522388059702,"epoch":43,"test_chief/acc":0.5598455598455598,"train/precision":0.8272058823529411,"test/recall":0.8461538461538461,"reward_mean":0.37954652309417725,"train_giga/auc":0.6650968945594606,"val_giga/acc":0.6061776061776062,"val/recall":0.8589743589743589,"val_giga/f1":0.7524271844660194,"train_giga/f1":0.6343283582089553,"train_giga/recall":0.6343283582089553}