{"val/recall":0.736,"test_giga/precision":0.5647668393782384,"epoch":53,"val_giga/f1":0.66875,"train/f1":0.8851851851851852,"test_giga/recall":0.872,"val_chief/f1":0.671875,"val/f1":0.6840148698884758,"_step":28511,"val_chief/auc":0.7008955223880596,"train_chief/precision":0.9236641221374046,"val_chief/precision":0.6564885496183206,"train_chief/acc":0.9129593810444874,"val_giga/auc":0.6863283582089552,"test/auc":0.7133731343283584,"probability/gigapath_false_label":0.25103673338890076,"test_chief/f1":0.640926640926641,"test_chief/precision":0.6194029850746269,"train_chief/f1":0.9149338374291115,"train/auc":0.9469812734082397,"probability/chief_true_label":0.9071192741394043,"classifier_giga_loss":0.6192134518313224,"_timestamp":1.751962459277498e+09,"probability/gigapath_true_label":0.7489632368087769,"train_giga/recall":0.6853932584269663,"test/f1":0.6568265682656826,"train_giga/f1":0.6703296703296703,"train/recall":0.8951310861423221,"test_chief/recall":0.664,"test/precision":0.6095890410958904,"_runtime":5839.787653241,"train_giga/auc":0.710936329588015,"MoE_select_chief":517,"reward":0.8217878937721252,"train_giga/acc":0.6518375241779497,"_wandb":{"runtime":5840},"reward_var":0.006253332830965519,"val_giga/precision":0.5487179487179488,"test_giga/auc":0.683820895522388,"test_chief/auc":0.6985074626865672,"train/precision":0.8754578754578755,"val_giga/acc":0.5907335907335908,"train_chief/recall":0.9063670411985019,"probability/chief_false_label":0.09288069605827332,"test_chief/acc":0.640926640926641,"val/acc":0.6718146718146718,"val_chief/recall":0.688,"val_giga/recall":0.856,"val/precision":0.6388888888888888,"MoE_select_gigapath":0,"val/auc":0.7133134328358209,"classifier_chief_loss":0.2606499009983914,"test_giga/acc":0.6138996138996139,"train_chief/auc":0.9704868913857677,"val_chief/acc":0.6756756756756757,"train/acc":0.8800773694390716,"reward_mean":0.8280412554740906,"train_giga/precision":0.6559139784946236,"test/recall":0.712,"test_giga/f1":0.6855345911949685,"test/acc":0.640926640926641}