{"_wandb":{"runtime":80},"reward":-0.45718061923980713,"_timestamp":1.7509958834179816e+09,"_runtime":79.868879122,"_step":241}