{"train/f1":0.7317534729689046,"classifier_giga_loss":332.41439279168844,"train/recall":0.7323519283746557,"epoch":43,"val/f1":0.5952380952380952,"reward":0.9532105326652527,"test/recall":0.6875,"_step":23011,"val/recall":0.5859375,"_timestamp":1.7507815411120658e+09,"test/acc":0.624031007751938,"train/acc":0.7263513513513513,"test/auc":0.6941658512720158,"_runtime":1431.970762033,"classifier_chief_loss":215.2247761480976,"train/precision":0.7311559948431456,"val/acc":0.6046511627906976,"_wandb":{"runtime":1432},"test/f1":0.6135458167330677,"test/precision":0.5539568345323741,"train/auc":0.809487623271828,"val/auc":0.657451923076923,"val/precision":0.6048387096774194}