{"val_chief/auc":0.6175471698113207,"test/recall":0.6981132075471698,"_wandb":{"runtime":1851},"train/auc":0.8486168032786886,"test_giga/recall":0.7735849056603774,"probability/chief_true_label":0.8568560481071472,"train_giga/f1":0.6606170598911071,"test_chief/precision":0.7196969696969697,"reward":0.6625153422355652,"val_chief/precision":0.6762589928057554,"train/precision":0.7708333333333334,"_step":14755,"train/recall":0.8161764705882353,"val_giga/f1":0.727810650887574,"probability/gigapath_false_label":0.47632166743278503,"val_chief/recall":0.5911949685534591,"train_chief/recall":0.8051470588235294,"_runtime":1850.858197785,"val/acc":0.6061776061776062,"test_giga/acc":0.640926640926641,"test_giga/f1":0.7256637168141593,"test/auc":0.6547169811320754,"val/precision":0.6792452830188679,"val_giga/auc":0.6428930817610063,"test_chief/f1":0.6529209621993127,"train/f1":0.7928571428571428,"test_chief/auc":0.6330817610062893,"probability/gigapath_true_label":0.5236783027648926,"test/precision":0.7115384615384616,"train_chief/f1":0.8007312614259597,"reward_mean":0.6902672052383423,"classifier_giga_loss":0.6463198953041042,"test/acc":0.640926640926641,"train_giga/precision":0.6523297491039427,"classifier_chief_loss":0.43709263877319116,"val_chief/acc":0.5752895752895753,"train_chief/precision":0.7963636363636364,"reward_var":0.027751851826906204,"val_giga/precision":0.6871508379888268,"test_chief/acc":0.61003861003861,"train_giga/recall":0.6691176470588235,"val_giga/acc":0.6447876447876448,"train_giga/auc":0.6797101012536162,"_timestamp":1.7513733471647573e+09,"test_chief/recall":0.5974842767295597,"val/f1":0.6792452830188679,"epoch":27,"probability/chief_false_label":0.1431439071893692,"test/f1":0.7047619047619048,"train_giga/acc":0.6375968992248062,"val_giga/recall":0.7735849056603774,"val_chief/f1":0.6308724832214765,"train_chief/acc":0.7887596899224806,"val/auc":0.6415094339622641,"test_giga/auc":0.6498113207547169,"train_chief/auc":0.8918454676952748,"train/acc":0.7751937984496124,"val/recall":0.6792452830188679,"test_giga/precision":0.6833333333333333}