{"test/f1":0.7142857142857143,"probability/gigapath_false_label":0.26025453209877014,"_timestamp":1.7509372730100496e+09,"train/precision":0.7197904975682754,"test/recall":0.7913669064748201,"train/auc":0.809235408699007,"train/f1":0.6929587610300738,"test/acc":0.6602316602316602,"train/recall":0.6680555555555555,"train/acc":0.7246447028423773,"val/precision":0.5900621118012422,"_step":12503,"val/f1":0.6643356643356644,"epoch":23,"probability/chief_true_label":0.8410552740097046,"classifier_giga_loss":0.6473321582862112,"probability/chief_false_label":0.1589447557926178,"probability/gigapath_true_label":0.7397454977035522,"val/acc":0.6293436293436293,"test/precision":0.650887573964497,"val/auc":0.6989850746268658,"_runtime":847.013456106,"_wandb":{"runtime":847},"test/auc":0.7090527577937651,"val/recall":0.76,"reward":0.7878344655036926,"classifier_chief_loss":0.421736075432769}