{"val/auc":0.7059352517985611,"train_giga/recall":0.575,"val/recall":0.7194244604316546,"probability/chief_false_label":0.13391031324863434,"test_giga/precision":0.6604938271604939,"train_chief/f1":0.8912579957356077,"test_giga/auc":0.6943045563549163,"test/precision":0.7012987012987013,"train/f1":0.8565217391304348,"val/acc":0.6447876447876448,"test_giga/acc":0.6640926640926641,"test_giga/f1":0.7109634551495017,"train_chief/recall":0.8708333333333333,"_timestamp":1.7519566051709876e+09,"reward":0.7491596937179565,"test_giga/recall":0.7697841726618705,"reward_mean":0.7603422403335571,"classifier_giga_loss":0.5828358980704301,"train/acc":0.872093023255814,"train_chief/auc":0.9705012077294686,"MoE_select_chief":516,"val_chief/f1":0.6941580756013745,"val_giga/auc":0.6658872901678657,"test/acc":0.7027027027027027,"test/auc":0.734232613908873,"test_chief/f1":0.7157894736842105,"train_giga/precision":0.6699029126213593,"train/auc":0.9481733091787439,"train_giga/acc":0.6705426356589147,"val_giga/f1":0.6622516556291391,"_step":30038,"train/precision":0.8954545454545455,"val_giga/precision":0.6134969325153374,"train/recall":0.8208333333333333,"test_chief/acc":0.6872586872586872,"reward_var":0.011182519607245922,"probability/gigapath_true_label":0.6545948386192322,"test/recall":0.7769784172661871,"train_chief/precision":0.9126637554585153,"epoch":56,"val_chief/precision":0.6644736842105263,"test/f1":0.7372013651877133,"val_giga/recall":0.7194244604316546,"probability/gigapath_false_label":0.3454051613807678,"val/f1":0.684931506849315,"_wandb":{"runtime":5055},"train_chief/acc":0.9011627906976745,"test_chief/precision":0.6986301369863014,"train_giga/auc":0.7566576086956521,"val/precision":0.6535947712418301,"MoE_select_gigapath":0,"val_giga/acc":0.6061776061776062,"_runtime":5055.34933404,"probability/chief_true_label":0.8660897016525269,"train_giga/f1":0.6188340807174888,"val_chief/acc":0.6563706563706564,"classifier_chief_loss":0.24503482396322615,"test_chief/auc":0.7290767386091127,"test_chief/recall":0.7338129496402878,"val_chief/recall":0.7266187050359713,"val_chief/auc":0.6946043165467626}