{"test/recall":0.2265625,"_step":15166,"train_giga/precision":0.7458709878466812,"train_giga/f1":0.7203370701978783,"train/f1":0.7203370701978783,"val/auc":0.6884892086330936,"train/recall":0.6964935253892042,"epoch":28,"classifier_giga_loss":0.5839627297231261,"train/auc":0.8328570281798053,"probability/gigapath_true_label":0.18717965483665466,"classifier_chief_loss":0.41860841733324244,"test/precision":0.7073170731707317,"probability/gigapath_false_label":0.812820315361023,"train_giga/recall":0.6964935253892042,"_timestamp":1.7510484067896998e+09,"_wandb":{"runtime":1557},"val/precision":0.7818181818181819,"reward":0.32239773869514465,"val/recall":0.30935251798561153,"train_giga/auc":0.8328570281798053,"train_gaiga/acc":0.7520843060094711,"test/f1":0.3431952662721893,"val/acc":0.583011583011583,"test/auc":0.6923677884615385,"train/precision":0.7458709878466812,"_runtime":1557.369065448,"probability/chief_true_label":0.5095900297164917,"test/acc":0.5697674418604651,"train/acc":0.7520843060094711,"val/f1":0.44329896907216493,"probability/chief_false_label":0.4904100000858307}