{"_runtime":49.446675253,"_step":62,"_wandb":{"runtime":50},"reward":0.6203353404998779,"_timestamp":1.7509097314684012e+09}