{"val_giga/auc":0.7166567164179105,"val_giga/precision":0.591715976331361,"train_giga/precision":0.6821428571428572,"val/precision":0.625,"test_giga/precision":0.592814371257485,"val_chief/auc":0.6938507462686567,"test_chief/auc":0.6940298507462686,"train_giga/auc":0.7371235955056179,"train/precision":0.8925925925925926,"_timestamp":1.7514178196718476e+09,"test_chief/recall":0.608,"val_giga/f1":0.6802721088435374,"val_chief/precision":0.6349206349206349,"_runtime":3889.829607025,"epoch":58,"val_giga/recall":0.8,"probability/chief_true_label":0.9601995944976807,"test_chief/acc":0.6293436293436293,"train_giga/f1":0.6983546617915904,"probability/gigapath_true_label":0.4371606409549713,"train_giga/acc":0.6808510638297872,"train/f1":0.8975791433891993,"train_giga/recall":0.7153558052434457,"reward_mean":0.6986801028251648,"train/auc":0.9584868913857677,"test/f1":0.6693227091633466,"val/auc":0.7212537313432836,"val_giga/acc":0.637065637065637,"test_giga/acc":0.637065637065637,"reward":0.6302876472473145,"val/f1":0.6513409961685823,"probability/chief_false_label":0.039800453931093216,"test_chief/precision":0.6178861788617886,"val_chief/acc":0.6486486486486487,"test/acc":0.6795366795366795,"test_giga/recall":0.792,"probability/gigapath_false_label":0.5628393888473511,"train_chief/auc":0.9822172284644195,"val_chief/f1":0.6374501992031872,"train/acc":0.8936170212765957,"train_chief/precision":0.9405204460966543,"train_chief/recall":0.947565543071161,"reward_var":0.06839244812726974,"test/auc":0.718268656716418,"train_chief/f1":0.9440298507462687,"_step":31151,"test_giga/auc":0.694268656716418,"train_chief/acc":0.941972920696325,"val_chief/recall":0.64,"_wandb":{"runtime":3890},"test/recall":0.672,"train/recall":0.9026217228464419,"test_chief/f1":0.6129032258064516,"test_giga/f1":0.678082191780822,"test/precision":0.6666666666666666,"val/acc":0.6486486486486487,"val/recall":0.68,"classifier_giga_loss":0.5997608487658217,"classifier_chief_loss":0.22246755050438127}