{"_step":126,"reward_mean":0.5214167237281799,"reward_var":0.0003135586157441139,"expert_select":0,"probability/chief_false_label":0.4962908625602722,"_timestamp":1.7518799491405668e+09,"_runtime":83.954687075,"probability/gigapath_false_label":0.4608756899833679,"_wandb":{"runtime":84},"reward":0.5211031436920166,"probability/chief_true_label":0.5037091374397278,"probability/gigapath_true_label":0.5391243100166321}