{"val/acc":0.5482625482625483,"test/precision":0.7927927927927928,"test_giga/acc":0.444015444015444,"train/f1":0.9033333333333333,"val_chief/recall":0.5485714285714286,"train_giga/precision":0.6402266288951841,"test/auc":0.622517006802721,"classifier_giga_loss":0.649726351593123,"train/precision":0.8741935483870967,"train/recall":0.9344827586206896,"val_giga/f1":0.38222222222222224,"train_chief/auc":0.9777998169057063,"val_giga/precision":0.86,"reward":0.6358180046081543,"train_chief/precision":0.9209621993127147,"reward_mean":0.6725116968154907,"val/precision":0.7685185185185185,"test_chief/f1":0.6081081081081081,"val_giga/acc":0.46332046332046334,"test/f1":0.6153846153846154,"test/acc":0.5752895752895753,"_timestamp":1.751398370514304e+09,"val_chief/precision":0.732824427480916,"train/auc":0.9656393042416844,"_wandb":{"runtime":4141},"val_giga/auc":0.6012925170068026,"val_chief/f1":0.6274509803921569,"probability/chief_false_label":0.1359322965145111,"probability/chief_true_label":0.8640677332878113,"reward_var":0.03669371455907822,"train_giga/acc":0.6298449612403101,"val/f1":0.5865724381625441,"val_chief/acc":0.5598455598455598,"train/acc":0.8875968992248062,"_runtime":4141.883794422,"classifier_chief_loss":0.22823896207216965,"train_chief/acc":0.9127906976744186,"test_giga/f1":0.35714285714285715,"test_chief/acc":0.5521235521235521,"val_chief/auc":0.6116326530612245,"test_giga/precision":0.8163265306122449,"train_giga/auc":0.6425999389685688,"test_chief/recall":0.5142857142857142,"test_chief/precision":0.743801652892562,"test_giga/recall":0.22857142857142856,"val_giga/recall":0.24571428571428572,"test_chief/auc":0.6151020408163266,"val/auc":0.618095238095238,"val/recall":0.4742857142857143,"probability/gigapath_false_label":0.5190443396568298,"train_chief/f1":0.9225473321858864,"probability/gigapath_true_label":0.48095566034317017,"train_giga/recall":0.7793103448275862,"_step":34254,"train_giga/f1":0.702954898911353,"epoch":64,"test/recall":0.5028571428571429,"test_giga/auc":0.6110204081632653,"train_chief/recall":0.9241379310344827}