{"reward":-0.4600805342197418,"_timestamp":1.750996255386908e+09,"_runtime":98.898453439,"_step":445,"_wandb":{"runtime":99}}