{"train/precision":0.9697986577181208,"val_giga/acc":0.5328185328185329,"val/auc":0.5987392411201358,"probability/gigapath_true_label":0.4142281115055084,"val_chief/auc":0.607225118196145,"train_giga/acc":0.6963249516441006,"classifier_giga_loss":0.5722941642724395,"test/precision":0.5987261146496815,"val/recall":0.6917808219178082,"train_chief/precision":0.9831649831649831,"test/acc":0.555984555984556,"val_giga/auc":0.5340041217117225,"test/f1":0.6204620462046204,"test/recall":0.6438356164383562,"val_giga/precision":0.5714285714285714,"train/recall":0.9863481228668942,"train_chief/f1":0.9898305084745763,"train/f1":0.9780033840947546,"test_giga/f1":0.6253869969040248,"epoch":128,"test_giga/auc":0.5212146926900231,"val/f1":0.6474358974358975,"val_chief/f1":0.6493506493506493,"test_chief/recall":0.6232876712328768,"train_giga/f1":0.740495867768595,"val_chief/recall":0.684931506849315,"_step":68111,"probability/chief_false_label":0.008588067255914211,"val/precision":0.608433734939759,"reward":0.6195347309112549,"train_giga/auc":0.7662725499756217,"train/auc":0.996282301316431,"_timestamp":1.751921116599835e+09,"train_chief/acc":0.988394584139265,"_wandb":{"runtime":8765},"val_chief/acc":0.583011583011583,"val_chief/precision":0.6172839506172839,"_runtime":8764.633467057,"test_giga/precision":0.5706214689265536,"reward_mean":0.7028200030326843,"val_giga/recall":0.684931506849315,"train_chief/recall":0.9965870307167235,"MoE_select_gigapath":0,"test_chief/acc":0.5675675675675675,"classifier_chief_loss":0.07390854490881472,"test_chief/auc":0.5989210813431931,"probability/chief_true_label":0.9914119243621826,"val/acc":0.5752895752895753,"test_giga/recall":0.6917808219178082,"test_chief/precision":0.6148648648648649,"test_giga/acc":0.5328185328185329,"val_giga/f1":0.6230529595015576,"MoE_select_chief":517,"train_chief/auc":0.9972879083373963,"train_giga/recall":0.764505119453925,"train_giga/precision":0.717948717948718,"test_chief/f1":0.6190476190476191,"reward_var":0.08328529447317123,"probability/gigapath_false_label":0.5857718586921692,"train/acc":0.9748549323017408,"test/auc":0.5860710389138077}