{"test/acc":0.627906976744186,"reward":0.8316045999526978,"val/acc":0.6007751937984496,"_wandb":{"runtime":5335},"reward_mean":0.8466354608535767,"val_chief/acc":0.5852713178294574,"test_giga/acc":0.5891472868217055,"epoch":82,"probability/gigapath_false_label":0.2759649455547333,"test/f1":0.6903225806451613,"train_giga/auc":0.7149155259588111,"train_giga/precision":0.6876790830945558,"train_giga/acc":0.6621621621621622,"test/precision":0.6079545454545454,"val/recall":0.7835820895522388,"test_chief/recall":0.7686567164179104,"val/auc":0.676336061627347,"val_giga/f1":0.627177700348432,"_timestamp":1.7513681649509618e+09,"test_giga/f1":0.6344827586206897,"val_chief/recall":0.7835820895522388,"_step":43906,"train_chief/precision":0.9444444444444444,"test_giga/auc":0.6410688493018777,"val/f1":0.670926517571885,"val_giga/acc":0.5852713178294574,"classifier_chief_loss":0.177659004918146,"classifier_giga_loss":0.60054804479279,"val/precision":0.5865921787709497,"test/auc":0.69457149735195,"reward_var":0.015030859969556332,"probability/chief_false_label":0.030764102935791016,"train/auc":0.9623720557405352,"train_chief/f1":0.9444444444444444,"train_giga/f1":0.732824427480916,"train/precision":0.9163987138263665,"val_chief/auc":0.6506379393355801,"test_chief/auc":0.675734232065479,"test/recall":0.7985074626865671,"test_giga/precision":0.5897435897435898,"train/acc":0.9092664092664092,"probability/chief_true_label":0.969235897064209,"train_chief/acc":0.9343629343629344,"train_chief/auc":0.985386607473178,"val_giga/recall":0.6716417910447762,"train/recall":0.9313725490196079,"test_chief/f1":0.6666666666666666,"train_giga/recall":0.7843137254901961,"val_chief/f1":0.6624605678233438,"test_chief/precision":0.5885714285714285,"_runtime":5334.992367931,"test_chief/acc":0.6007751937984496,"train_chief/recall":0.9444444444444444,"val_giga/precision":0.5882352941176471,"probability/gigapath_true_label":0.7240350842475891,"test_giga/recall":0.6865671641791045,"val_giga/auc":0.638781896966779,"val_chief/precision":0.5737704918032787,"train/f1":0.9238249594813615}