{"_wandb":{"runtime":100},"reward":0.3344314396381378,"_timestamp":1.7507795041249564e+09,"_runtime":99.39432326,"_step":460}