{"test/precision":0.6823529411764706,"_wandb":{"runtime":2811},"train/f1":0.7932812047494932,"val/auc":0.600860710389138,"reward":0.7059708833694458,"train/acc":0.7804232804232805,"epoch":62,"train/precision":0.7761532358608183,"test/f1":0.7116564417177914,"val/recall":0.6301369863013698,"classifier_giga_loss":0.6321126584671148,"train/recall":0.8111821843165127,"train_giga/recall":0.8111821843165127,"test/recall":0.7435897435897436,"_step":32885,"_timestamp":1.751033261875212e+09,"probability/gigapath_true_label":0.5648659467697144,"val/precision":0.6216216216216216,"train_giga/precision":0.7761532358608183,"probability/gigapath_false_label":0.4351341128349304,"train_gaiga/acc":0.7804232804232805,"test/auc":0.628889718695544,"test/acc":0.637065637065637,"val/f1":0.6258503401360545,"train/auc":0.8702907803441282,"_runtime":2810.873553932,"probability/chief_true_label":0.904880940914154,"train_giga/auc":0.8702907803441282,"val/acc":0.5752895752895753,"train_giga/f1":0.7932812047494932,"classifier_chief_loss":0.31229523537593534,"probability/chief_false_label":0.09511914104223251}