{"_step":517,"_wandb":{"runtime":86},"reward":-1.606398582458496,"_timestamp":1.750771141450177e+09,"_runtime":86.176205305}