{"train/recall":0.7875816993464052,"probability/chief_false_label":0.6003007292747498,"val/f1":0.7068493150684931,"val/acc":0.5852713178294574,"_timestamp":1.7512544016309314e+09,"probability/gigapath_false_label":0.6826860308647156,"train/f1":0.6965317919075145,"test/auc":0.5890105922002888,"classifier_chief_loss":0.6616414876863302,"train_giga/auc":0.6042976939203355,"val/recall":0.9347826086956522,"train/acc":0.5945945945945946,"probability/gigapath_true_label":0.31731390953063965,"_wandb":{"runtime":157},"epoch":0,"test/recall":0.8656716417910447,"train/auc":0.6042976939203355,"train_gaiga/acc":0.5945945945945946,"_runtime":157.005630122,"reward":0.3568097949028015,"train_giga/recall":0.7875816993464052,"val/precision":0.5682819383259912,"test/acc":0.5348837209302325,"test/precision":0.5321100917431193,"probability/chief_true_label":0.399699330329895,"classifier_giga_loss":0.7288820462150348,"train/precision":0.6243523316062176,"train_giga/precision":0.6243523316062176,"test/f1":0.6590909090909091,"_step":523,"train_giga/f1":0.6965317919075145,"val/auc":0.5883454106280194}