{"probability/chief_false_label":0.6242783069610596,"_timestamp":1.7519515415979707e+09,"train_giga/auc":0.7486286919831224,"test/auc":0.6933293269230769,"test_chief/f1":0.49740932642487046,"test/acc":0.5930232558139535,"reward_var":0.0006241646478883922,"test_chief/precision":0.7384615384615385,"train/auc":0.8932941531042797,"train_giga/recall":0.6244725738396625,"test_giga/f1":0.5070422535211268,"test/f1":0.4723618090452261,"train_giga/precision":0.6666666666666666,"val_giga/recall":0.453125,"test_chief/acc":0.624031007751938,"train/acc":0.8085106382978723,"val_giga/f1":0.5395348837209303,"train_chief/f1":0.8301075268817204,"test_giga/auc":0.659014423076923,"reward_mean":0.35073840618133545,"test_giga/precision":0.6352941176470588,"train_giga/f1":0.644880174291939,"_wandb":{"runtime":2940},"train_chief/recall":0.8143459915611815,"_step":16895,"epoch":31,"test/precision":0.6619718309859155,"test_giga/recall":0.421875,"test_chief/auc":0.6932692307692306,"reward":0.35011425614356995,"val_chief/f1":0.4873096446700508,"train_chief/acc":0.8471953578336557,"test_giga/acc":0.5930232558139535,"val_chief/auc":0.7038461538461539,"val_chief/acc":0.6085271317829457,"_runtime":2940.598129151,"classifier_giga_loss":0.5893116386704564,"probability/gigapath_true_label":0.32575511932373047,"train/precision":0.8,"val/f1":0.5123152709359606,"val_giga/precision":0.6666666666666666,"train_giga/acc":0.6847195357833655,"val_giga/acc":0.6162790697674418,"probability/gigapath_false_label":0.6742448806762695,"train/recall":0.7763713080168776,"val/auc":0.701983173076923,"train_chief/auc":0.9294755877034359,"train_chief/precision":0.8464912280701754,"val_giga/auc":0.6632211538461538,"probability/chief_true_label":0.37572169303894043,"test/recall":0.3671875,"MoE_select_chief":517,"val/precision":0.6933333333333334,"train/f1":0.7880085653104925,"MoE_select_gigapath":0,"val/recall":0.40625,"classifier_chief_loss":0.35760622088312366,"val_chief/recall":0.375,"val/acc":0.6162790697674418,"val_chief/precision":0.6956521739130435,"test_chief/recall":0.375}