{"test/f1":0.455026455026455,"reward":0.4758545160293579,"val/f1":0.5111111111111111,"val/precision":0.6764705882352942,"_step":23389,"_timestamp":1.7507924428569338e+09,"train/precision":0.6961417204623931,"val/recall":0.4107142857142857,"test/auc":0.6651940298507463,"train/recall":0.6946816479400749,"_runtime":1307.104957492,"train/f1":0.6954109178164367,"val/auc":0.7255381604696673,"test/acc":0.6023166023166023,"epoch":24,"val/acc":0.6589147286821705,"train/auc":0.7628682307116106,"classifier_chief_loss":258.54845735256094,"classifier_giga_loss":340.20116352289915,"train/acc":0.6857253384912959,"test/precision":0.671875,"_wandb":{"runtime":1307},"test/recall":0.344}