{"probability/chief_false_label":0.100917749106884,"train/auc":0.8432089087671399,"classifier_giga_loss":0.6227589237649621,"train/f1":0.7788117394416607,"val/auc":0.6818238993710692,"train_giga/f1":0.7788117394416607,"val/recall":0.7484276729559748,"_timestamp":1.7510187037004476e+09,"train_giga/precision":0.7660772961977781,"train/acc":0.7554949885704237,"val/f1":0.7190332326283988,"classifier_chief_loss":0.373082248285461,"test/recall":0.7536231884057971,"val/acc":0.640926640926641,"_step":23011,"train/precision":0.7660772961977781,"probability/gigapath_true_label":0.489575058221817,"_wandb":{"runtime":2084},"test/precision":0.6046511627906976,"_runtime":2084.440229707,"epoch":43,"test/acc":0.6046511627906976,"test/f1":0.6709677419354839,"test/auc":0.6323067632850241,"reward":0.6524046063423157,"train_gaiga/acc":0.7554949885704237,"val/precision":0.6918604651162791,"train_giga/auc":0.8432089087671399,"train/recall":0.7919767065674539,"probability/gigapath_false_label":0.5104249715805054,"train_giga/recall":0.7919767065674539,"probability/chief_true_label":0.8990822434425354}