{"reward":0.8634117245674133,"train/precision":0.7388988898889889,"val/acc":0.5581395348837209,"train/acc":0.7398032125136658,"_step":24057,"probability/gigapath_false_label":0.1085825115442276,"train_giga/precision":0.7388988898889889,"_wandb":{"runtime":2520},"train_gaiga/acc":0.7398032125136658,"train/recall":0.7844401974836758,"_runtime":2520.59115748,"test/f1":0.6236559139784946,"test/auc":0.6408635496183206,"train_giga/auc":0.823441937890015,"classifier_chief_loss":0.39279290447750165,"test/recall":0.6796875,"train/f1":0.7609887987640015,"classifier_giga_loss":0.6432818027944583,"epoch":45,"test/precision":0.5761589403973509,"val/auc":0.6279929684185004,"val/recall":0.6068376068376068,"probability/gigapath_true_label":0.8914175033569336,"train_giga/recall":0.7844401974836758,"test/acc":0.5945945945945946,"train_giga/f1":0.7609887987640015,"_timestamp":1.7510617288395355e+09,"probability/chief_false_label":0.1631075143814087,"val/precision":0.5107913669064749,"val/f1":0.5546875,"train/auc":0.823441937890015,"probability/chief_true_label":0.8368924856185913}