{"classifier_giga_loss":329.63892186433077,"epoch":36,"test/precision":0.6712328767123288,"_timestamp":1.750784055636684e+09,"train/precision":0.7246943765281174,"_wandb":{"runtime":1229},"classifier_chief_loss":227.27718407846987,"train/auc":0.8107132837890769,"train/recall":0.6675675675675675,"test/acc":0.6563706563706564,"test/recall":0.7050359712230215,"train/f1":0.6949589683470105,"test/f1":0.6877192982456141,"val/precision":0.648854961832061,"train/acc":0.7274250995181227,"val/acc":0.667953667953668,"_step":19276,"_runtime":1228.981244572,"test/auc":0.7065947242206235,"val/f1":0.6640625,"val/auc":0.7281791044776119,"val/recall":0.68,"reward":0.5998314619064331}