{"_wandb":{"runtime":88},"_step":62,"reward":0.6203353404998779,"_timestamp":1.7509324219243357e+09,"_runtime":88.054314739}