{"test/f1":0.6502057613168725,"val/f1":0.5654008438818565,"test/auc":0.7196061643835616,"_runtime":113.567727783,"train/auc":0.5696880219518015,"test/precision":0.6030534351145038,"train/recall":0.6212121212121212,"test/acc":0.6705426356589147,"reward":0.3197167217731476,"train/acc":0.5482625482625483,"train/f1":0.5836298932384342,"train/precision":0.5503355704697986,"_timestamp":1.7507800799668965e+09,"_wandb":{"runtime":114},"val/auc":0.6549879807692307,"test/recall":0.7053571428571429,"_step":652,"val/acc":0.6007751937984496,"val/precision":0.6146788990825688,"classifier_chief_loss":355.39132855832577,"classifier_giga_loss":399.04300891608,"epoch":0,"val/recall":0.5234375}