{"train/f1":0.7865876098957268,"train/precision":0.7282501703642008,"test/f1":0.6794871794871795,"_timestamp":1.7510400130138834e+09,"_step":19350,"train_giga/recall":0.8550853485064012,"epoch":36,"probability/chief_false_label":0.6788990497589111,"train_gaiga/acc":0.7271681739766847,"train_giga/auc":0.8039639592259902,"train/acc":0.7271681739766847,"classifier_chief_loss":0.4132566644280529,"test/auc":0.6524844529277755,"train/recall":0.8550853485064012,"val/f1":0.7183908045977011,"val/precision":0.7225433526011561,"classifier_giga_loss":0.6721637413424496,"train/auc":0.8039639592259902,"train_giga/f1":0.7865876098957268,"_runtime":1935.401224965,"val/recall":0.7142857142857143,"val/acc":0.6216216216216216,"probability/gigapath_true_label":0.4287221133708954,"_wandb":{"runtime":1935},"val/auc":0.59578231292517,"test/recall":0.7114093959731543,"reward":0.37201595306396484,"train_giga/precision":0.7282501703642008,"test/precision":0.6503067484662577,"probability/gigapath_false_label":0.571277916431427,"test/acc":0.6124031007751938,"probability/chief_true_label":0.32110095024108887}