{"val/auc":0.6493561710398446,"classifier_giga_loss":0.5627668688052095,"train/acc":0.864693446088795,"val/f1":0.6327272727272727,"train_giga/precision":0.8643247178740444,"_timestamp":1.751263293592012e+09,"train/f1":0.8729365050185669,"probability/chief_true_label":0.6167565584182739,"train_giga/recall":0.8817216280451574,"_runtime":5849.531726739,"val/recall":0.5918367346938775,"test/f1":0.6338028169014085,"probability/gigapath_false_label":0.5972549319267273,"train/auc":0.9500186124624974,"val/precision":0.6796875,"train/precision":0.8643247178740444,"probability/gigapath_true_label":0.4027450382709503,"reward":0.49830055236816406,"_wandb":{"runtime":5849},"_step":51677,"train/recall":0.8817216280451574,"probability/chief_false_label":0.3832434415817261,"epoch":98,"test/precision":0.72,"val/acc":0.61003861003861,"test/auc":0.6509433962264152,"test/acc":0.5984555984555985,"train_giga/auc":0.9500186124624974,"train_gaiga/acc":0.864693446088795,"test/recall":0.5660377358490566,"train_giga/f1":0.8729365050185669,"classifier_chief_loss":0.10567971564685524}