{"test_giga/recall":0.7755102040816326,"train_chief/auc":0.9948117539026631,"reward":0.7442681789398193,"train/f1":0.9603960396039604,"train_giga/f1":0.717948717948718,"test_chief/f1":0.7138047138047138,"test/precision":0.6981132075471698,"test_giga/acc":0.61003861003861,"val_chief/auc":0.6968537414965986,"train/auc":0.9847872666054484,"test_giga/precision":0.6263736263736264,"train/acc":0.9535783365570599,"val_giga/f1":0.672566371681416,"test/f1":0.7254901960784313,"val_giga/precision":0.59375,"val_chief/recall":0.7346938775510204,"val_giga/recall":0.7755102040816326,"_wandb":{"runtime":6058},"train/recall":0.9797979797979798,"test/auc":0.7218780369290573,"val_giga/auc":0.6310131195335276,"test/recall":0.7551020408163265,"epoch":89,"val/auc":0.7131924198250729,"val_giga/acc":0.5714285714285714,"val/recall":0.7755102040816326,"train/precision":0.941747572815534,"train_chief/recall":0.9764309764309764,"test_chief/auc":0.7115524781341108,"val/precision":0.6909090909090909,"train_chief/f1":0.9715242881072027,"probability/gigapath_false_label":0.37709301710128784,"test_chief/recall":0.7210884353741497,"classifier_chief_loss":0.13226775166944554,"probability/chief_false_label":0.09441810101270676,"test_chief/precision":0.7066666666666667,"_timestamp":1.7519045539950805e+09,"val_chief/f1":0.717607973421927,"reward_mean":0.7642444372177124,"classifier_giga_loss":0.5954696866260334,"test/acc":0.6756756756756757,"_runtime":6058.706670978,"train_chief/precision":0.9666666666666667,"_step":47519,"test_giga/f1":0.6930091185410334,"test_giga/auc":0.6384232264334305,"probability/gigapath_true_label":0.6229069828987122,"val/f1":0.7307692307692307,"val_chief/acc":0.6718146718146718,"MoE_select_chief":0,"MoE_select_gigapath":517,"test_chief/acc":0.6718146718146718,"val_chief/precision":0.7012987012987013,"reward_var":0.01997627690434456,"probability/chief_true_label":0.9055818915367126,"train_giga/acc":0.6595744680851063,"train_chief/acc":0.9671179883945842,"train_giga/auc":0.7225130088766453,"train_giga/recall":0.7542087542087542,"train_giga/precision":0.6850152905198776,"val/acc":0.6756756756756757}