{"train_chief/precision":0.9161073825503355,"_step":29567,"val/acc":0.5714285714285714,"train/precision":0.8589341692789969,"probability/chief_true_label":0.8612194061279297,"epoch":55,"reward_var":0.004443204030394554,"train_giga/f1":0.6967741935483871,"train_giga/precision":0.6605504587155964,"_wandb":{"runtime":3720},"test_chief/precision":0.6223776223776224,"val_chief/f1":0.6219081272084805,"test/precision":0.6054421768707483,"test_giga/auc":0.536125590980725,"val_chief/acc":0.5868725868725869,"val/auc":0.5897078433749545,"probability/chief_false_label":0.1387805938720703,"train/auc":0.9464895173086298,"test_giga/f1":0.5494505494505495,"test_chief/auc":0.6017699115044248,"train_giga/recall":0.7372013651877133,"classifier_chief_loss":0.2624635018215887,"probability/gigapath_false_label":0.27209535241127014,"probability/gigapath_true_label":0.7279046773910522,"val_chief/auc":0.5979512668202206,"val_giga/acc":0.525096525096525,"val_giga/auc":0.5348527094193236,"test_giga/acc":0.525096525096525,"test/f1":0.6075085324232082,"test_giga/recall":0.5136986301369864,"test_chief/recall":0.6095890410958904,"val_chief/recall":0.6027397260273972,"val_giga/f1":0.5461254612546126,"val_giga/recall":0.5068493150684932,"test_giga/precision":0.5905511811023622,"train/recall":0.9351535836177475,"val/recall":0.6027397260273972,"train/acc":0.8762088974854932,"val_giga/precision":0.592,"train/f1":0.8954248366013072,"val/precision":0.624113475177305,"train_giga/acc":0.6363636363636364,"train_chief/f1":0.9238578680203046,"test/acc":0.555984555984556,"train_giga/auc":0.6910196245733788,"val_chief/precision":0.6423357664233577,"test/recall":0.6095890410958904,"train_chief/recall":0.931740614334471,"_runtime":3719.896901689,"test_chief/acc":0.5714285714285714,"val/f1":0.6132404181184669,"reward_mean":0.794562041759491,"reward":0.7901188135147095,"classifier_giga_loss":0.624090845266094,"test/auc":0.5899502970056977,"test_chief/f1":0.615916955017301,"train_chief/acc":0.9129593810444874,"train_chief/auc":0.9698470258410532,"_timestamp":1.7513866398867397e+09}