{"_timestamp":1.7513942209148917e+09,"val_chief/f1":0.7207207207207207,"train_giga/f1":0.7314949201741655,"train_giga/acc":0.6421663442940039,"reward_mean":0.7571142315864563,"test_giga/f1":0.33175355450236965,"train_giga/precision":0.6545454545454545,"train_chief/recall":0.9473684210526315,"test_chief/acc":0.6356589147286822,"_step":40655,"train_giga/recall":0.8289473684210527,"val_giga/acc":0.44573643410852715,"val/acc":0.624031007751938,"train/precision":0.8892307692307693,"val/auc":0.6224986146173265,"train_giga/auc":0.6843031875463306,"val_giga/recall":0.2080536912751678,"val/f1":0.6881028938906752,"probability/gigapath_true_label":0.5322611331939697,"reward":0.7065553069114685,"probability/gigapath_false_label":0.4677388370037079,"test/precision":0.6568047337278107,"train_chief/acc":0.9303675048355899,"val_chief/precision":0.6521739130434783,"_runtime":5057.596313867,"train/f1":0.918918918918919,"test_chief/recall":0.8120805369127517,"probability/chief_false_label":0.018032656982541084,"test_chief/auc":0.6630133612462287,"val_giga/f1":0.3024390243902439,"classifier_giga_loss":0.6253739372904573,"train_chief/f1":0.9411764705882353,"_wandb":{"runtime":5058},"train_chief/auc":0.9841394860390413,"epoch":76,"train/acc":0.9013539651837524,"test_chief/f1":0.7202380952380952,"train/recall":0.9506578947368421,"test_giga/acc":0.45348837209302323,"probability/chief_true_label":0.9819673299789429,"classifier_chief_loss":0.19340810859972316,"val_chief/acc":0.6395348837209303,"test/f1":0.6981132075471698,"test_giga/recall":0.2348993288590604,"train/auc":0.9702711885347172,"test_giga/precision":0.5645161290322581,"val_chief/recall":0.8053691275167785,"test/recall":0.7449664429530202,"test_chief/precision":0.6470588235294118,"val_chief/auc":0.6704020688381257,"test/acc":0.627906976744186,"val/recall":0.7181208053691275,"val_giga/precision":0.5535714285714286,"train_chief/precision":0.935064935064935,"test_giga/auc":0.4881472815713318,"reward_var":0.050558917224407196,"val/precision":0.6604938271604939,"test/auc":0.6162797857274798,"val_giga/auc":0.49153377255095126}