{"val_chief/acc":0.6177606177606177,"train/precision":0.9372384937238494,"train/f1":0.9352818371607515,"train_chief/f1":0.9369747899159664,"test_giga/acc":0.5791505791505791,"test_giga/f1":0.4293193717277487,"test_chief/f1":0.603448275862069,"test_chief/auc":0.7315947242206235,"val/f1":0.5327102803738317,"val_chief/f1":0.5520361990950227,"test_chief/precision":0.7526881720430108,"val_giga/precision":0.8367346938775511,"_timestamp":1.751413922335233e+09,"test/f1":0.5585585585585585,"test/auc":0.7341726618705036,"test_chief/acc":0.6447876447876448,"classifier_chief_loss":0.1547108063801605,"classifier_giga_loss":0.5305039373861785,"train_chief/acc":0.9418604651162791,"reward_var":0.002373417839407921,"train_giga/precision":0.7045454545454546,"val_chief/precision":0.7439024390243902,"val/acc":0.6138996138996139,"test_giga/precision":0.7884615384615384,"val_chief/recall":0.43884892086330934,"reward":0.9398284554481506,"test/acc":0.6216216216216216,"test/recall":0.4460431654676259,"val_giga/recall":0.2949640287769784,"probability/gigapath_true_label":0.8934841156005859,"val/auc":0.7158273381294964,"test_giga/auc":0.6698441247002399,"_wandb":{"runtime":5693},"val_giga/auc":0.6842326139088729,"train_giga/recall":0.6458333333333334,"train_giga/f1":0.6739130434782609,"train/acc":0.939922480620155,"reward_mean":0.9422018527984619,"_runtime":5693.539797379,"probability/chief_false_label":0.00908039789646864,"val/precision":0.76,"val_giga/acc":0.5907335907335908,"train_chief/recall":0.9291666666666667,"test_chief/recall":0.5035971223021583,"train_giga/acc":0.7093023255813954,"train_chief/auc":0.9901419082125603,"test_giga/recall":0.2949640287769784,"val_giga/f1":0.43617021276595747,"train/recall":0.9333333333333333,"test/precision":0.7469879518072289,"_step":46375,"val/recall":0.41007194244604317,"epoch":87,"train/auc":0.9804347826086957,"val_chief/auc":0.7036570743405276,"train_chief/precision":0.9449152542372882,"train_giga/auc":0.8071256038647344,"probability/gigapath_false_label":0.10651591420173645,"probability/chief_true_label":0.9909195899963379}