{"test_chief/acc":0.6201550387596899,"test_giga/auc":0.5125300166245921,"train_chief/acc":0.9555125725338491,"val_chief/acc":0.6511627906976745,"test/recall":0.8187919463087249,"val_chief/f1":0.7204968944099379,"test_chief/auc":0.6438027215072963,"val_chief/recall":0.7785234899328859,"train/auc":0.9772516679021497,"val_chief/auc":0.6731112616218213,"val/precision":0.6345177664974619,"_runtime":5394.610358282,"train_giga/acc":0.6576402321083172,"val/acc":0.627906976744186,"train/acc":0.9245647969052224,"test/acc":0.5813953488372093,"train_chief/auc":0.9920156906350382,"probability/gigapath_true_label":0.7795087099075317,"val_giga/acc":0.5775193798449613,"MoE_select_chief":517,"val_giga/auc":0.5285388830737023,"val_giga/recall":0.9932885906040269,"val/recall":0.8389261744966443,"train/f1":0.9376,"train/recall":0.9638157894736842,"val_giga/f1":0.7308641975308642,"test_giga/f1":0.7308641975308642,"train_giga/recall":0.7993421052631579,"probability/chief_true_label":0.8419402837753296,"test/f1":0.6931818181818182,"val_giga/precision":0.578125,"val/f1":0.7225433526011561,"test_chief/f1":0.6956521739130435,"probability/chief_false_label":0.1580597162246704,"MoE_select_gigapath":0,"test_giga/acc":0.5775193798449613,"probability/gigapath_false_label":0.22049126029014587,"reward_mean":0.8107244968414307,"test_chief/precision":0.6473988439306358,"test/precision":0.6009852216748769,"classifier_chief_loss":0.16222550372333422,"train_chief/precision":0.9488817891373802,"train_chief/f1":0.9627228525121556,"_timestamp":1.7519325634080253e+09,"train_chief/recall":0.9769736842105263,"val/auc":0.6448494550828152,"train_giga/precision":0.6768802228412256,"_step":41711,"val_chief/precision":0.6705202312138728,"reward":0.8097500801086426,"classifier_giga_loss":0.6089199963286951,"_wandb":{"runtime":5394},"train_giga/auc":0.7018161601186064,"reward_var":0.0009744253475219011,"epoch":78,"test_giga/recall":0.9932885906040269,"test_chief/recall":0.7516778523489933,"train/precision":0.9127725856697819,"test/auc":0.6233606305030478,"train_giga/f1":0.7330316742081447,"test_giga/precision":0.578125}