{"train_giga/f1":0.8262880120633325,"_wandb":{"runtime":2947},"test/precision":0.7073170731707317,"val/recall":0.6268656716417911,"_timestamp":1.751023077574869e+09,"test/auc":0.6795432458697764,"test/f1":0.6444444444444445,"classifier_giga_loss":0.6249337256300611,"train/precision":0.7910210759310942,"val/acc":0.6356589147286822,"probability/chief_false_label":0.25488871335983276,"train_giga/auc":0.8774347983115961,"test/acc":0.6293436293436293,"train_giga/recall":0.8648463804713805,"val/f1":0.6412213740458015,"train/recall":0.8648463804713805,"test/recall":0.5918367346938775,"probability/gigapath_true_label":0.7542109489440918,"train_gaiga/acc":0.7911025145067698,"probability/gigapath_false_label":0.2457890659570694,"train/acc":0.7911025145067698,"_step":33471,"train_giga/precision":0.7910210759310942,"classifier_chief_loss":0.2603860735119259,"reward":0.7496404051780701,"epoch":63,"val/precision":0.65625,"probability/chief_true_label":0.7451112866401672,"train/auc":0.8774347983115961,"_runtime":2946.341883394,"val/auc":0.67477130476649,"train/f1":0.8262880120633325}