{"_timestamp":1.7513543362865582e+09,"probability/chief_false_label":0.26662206649780273,"val/f1":0.6213592233009708,"_step":16767,"test/precision":0.581151832460733,"probability/gigapath_true_label":0.663408100605011,"val/auc":0.5580917874396135,"classifier_giga_loss":0.6239554639330357,"train/precision":0.6502998175023899,"_runtime":1736.970639925,"test/auc":0.6505175734232065,"val/precision":0.5614035087719298,"probability/chief_true_label":0.7333779335021973,"epoch":31,"reward":0.6971690654754639,"train/recall":0.7641952614379085,"classifier_chief_loss":0.4038710991434418,"train/auc":0.6332133795686121,"train/f1":0.7026620968120569,"train_giga/auc":0.6332133795686121,"train_giga/recall":0.7641952614379085,"probability/gigapath_false_label":0.3365919589996338,"test/recall":0.8283582089552238,"train_giga/f1":0.7026620968120569,"train_giga/acc":0.6179416023166023,"train/acc":0.6179416023166023,"val/recall":0.6956521739130435,"val/acc":0.5465116279069767,"_wandb":{"runtime":1737},"test/f1":0.683076923076923,"test/acc":0.6007751937984496,"train_giga/precision":0.6502998175023899}