{"train/auc":0.817029864273157,"train/acc":0.7321675285201121,"test/recall":0.576,"test/acc":0.637065637065637,"test/f1":0.6050420168067226,"test/precision":0.6371681415929203,"train/f1":0.7399287055847292,"epoch":48,"classifier_chief_loss":222.45069681070072,"_runtime":1608.666086862,"_wandb":{"runtime":1608},"val/precision":0.5661764705882353,"reward":0.4704912602901459,"_timestamp":1.7507856711965609e+09,"val/auc":0.7123899217221136,"train/precision":0.7421190219898508,"val/acc":0.6356589147286822,"train/recall":0.7377512802873959,"val/recall":0.6875,"val/f1":0.6209677419354839,"test/auc":0.6857313432835822,"classifier_giga_loss":350.0255945250392,"_step":25577}