{"train_chief/auc":0.9931555043817565,"train/recall":0.9845679012345679,"train/precision":0.9273255813953488,"test_chief/acc":0.6911196911196911,"train_giga/recall":0.8518518518518519,"probability/chief_false_label":0.33484408259391785,"val_chief/precision":0.7283236994219653,"test_chief/precision":0.7398843930635838,"train_chief/acc":0.9574468085106383,"test/f1":0.7758620689655172,"test_chief/recall":0.7852760736196319,"reward_mean":0.6399387121200562,"val/precision":0.7258064516129032,"test/recall":0.8282208588957055,"probability/gigapath_false_label":0.3852783739566803,"reward":0.6393027901649475,"val_giga/acc":0.6254826254826255,"test_giga/auc":0.5839723926380369,"val_giga/auc":0.5725332310838447,"test/precision":0.7297297297297297,"test_chief/f1":0.7619047619047619,"test_giga/recall":0.8220858895705522,"val/f1":0.7736389684813754,"test/acc":0.6988416988416989,"val_chief/auc":0.6793200408997956,"val_chief/f1":0.75,"train_chief/recall":0.9783950617283951,"_timestamp":1.751403793868671e+09,"train_chief/precision":0.9548192771084337,"train/f1":0.9550898203592815,"test_giga/precision":0.6473429951690821,"train_giga/acc":0.6750483558994197,"probability/chief_true_label":0.6651558876037598,"val/acc":0.694980694980695,"val/auc":0.674079754601227,"val_giga/f1":0.7342465753424657,"val/recall":0.8282208588957055,"test/auc":0.6811094069529653,"epoch":81,"_step":43295,"test_giga/acc":0.6061776061776062,"test_chief/auc":0.6775945807770961,"train/auc":0.9819292522228619,"classifier_giga_loss":0.595760478463377,"train/acc":0.941972920696325,"classifier_chief_loss":0.14694202553367017,"val_giga/recall":0.8220858895705522,"probability/gigapath_true_label":0.6147215962409973,"_runtime":5416.636958512,"val_giga/precision":0.6633663366336634,"_wandb":{"runtime":5417},"train_giga/f1":0.7666666666666667,"train_giga/auc":0.7083253374272372,"reward_var":0.0006359044346027076,"test_giga/f1":0.7243243243243244,"train_giga/precision":0.696969696969697,"train_chief/f1":0.9664634146341463,"val_chief/acc":0.6756756756756757,"val_chief/recall":0.7730061349693251}