{"train_giga/precision":0.6395348837209303,"_runtime":345.247617324,"test/recall":0.917910447761194,"test_chief/f1":0.6646341463414634,"test_chief/recall":0.8134328358208955,"val/precision":0.5361702127659574,"epoch":4,"train_chief/recall":0.8398692810457516,"val_chief/f1":0.6585365853658537,"test_giga/recall":0.9925373134328358,"reward_var":0.020166337490081787,"test/f1":0.670299727520436,"val/acc":0.5465116279069767,"train_chief/auc":0.7250277469478358,"train_chief/acc":0.6853281853281853,"val_giga/auc":0.5650577756379394,"test_chief/precision":0.5618556701030928,"test_chief/acc":0.5736434108527132,"test_giga/precision":0.5215686274509804,"probability/chief_true_label":0.5840315818786621,"val_chief/acc":0.5658914728682171,"test/auc":0.6172965816080886,"probability/chief_false_label":0.4159683883190155,"probability/gigapath_true_label":0.3000151216983795,"reward":0.42185699939727783,"train_giga/f1":0.676923076923077,"train_giga/acc":0.5945945945945946,"_step":2759,"val_chief/auc":0.6217501203659123,"classifier_giga_loss":0.7173826376112847,"_wandb":{"runtime":345},"train_chief/precision":0.692722371967655,"train/acc":0.637065637065637,"train/f1":0.7235294117647059,"test/acc":0.5310077519379846,"val_giga/recall":1,"train_giga/auc":0.5699839684301393,"_timestamp":1.7513615957896068e+09,"test_giga/acc":0.5232558139534884,"train/precision":0.6577540106951871,"val/f1":0.6829268292682927,"test_chief/auc":0.6141068849301878,"train/recall":0.803921568627451,"val_chief/precision":0.5567010309278351,"val/recall":0.9402985074626866,"test_giga/f1":0.6838046272493573,"val_chief/recall":0.8059701492537313,"val_giga/acc":0.5271317829457365,"reward_mean":0.4420233368873596,"train_chief/f1":0.7592319054652881,"test/precision":0.5278969957081545,"val_giga/f1":0.6871794871794872,"train_giga/recall":0.7189542483660131,"val/auc":0.6164540202214732,"test_giga/auc":0.5799229658160808,"probability/gigapath_false_label":0.6999849081039429,"val_giga/precision":0.5234375,"classifier_chief_loss":0.5989317836520409,"train/auc":0.6652947342458996}