{"probability/chief_false_label":0.08305606245994568,"val_giga/acc":0.5387596899224806,"val_chief/recall":0.7272727272727273,"train_chief/precision":0.7973568281938326,"val_chief/auc":0.6070827320827321,"val/acc":0.5503875968992248,"test_chief/auc":0.6120129870129871,"val_giga/recall":0.9924242424242424,"_step":12143,"val/recall":0.8257575757575758,"reward_mean":0.8451618552207947,"train/auc":0.8259753901560625,"train_giga/precision":0.5844748858447488,"train/f1":0.7041036717062635,"_wandb":{"runtime":1568},"train_giga/acc":0.597678916827853,"probability/chief_true_label":0.9169439077377319,"train/recall":0.6653061224489796,"test_chief/f1":0.6578947368421053,"test_chief/precision":0.5813953488372093,"test_chief/acc":0.5968992248062015,"val_giga/auc":0.572991822991823,"_timestamp":1.7514220697301235e+09,"test/acc":0.5852713178294574,"val_giga/precision":0.5261044176706827,"classifier_giga_loss":0.6664116863211764,"val/precision":0.5396039603960396,"test_giga/precision":0.5330578512396694,"val/f1":0.6526946107784432,"test/auc":0.6132154882154882,"classifier_chief_loss":0.4657113694674128,"test_giga/auc":0.5912698412698413,"epoch":22,"reward_var":0.005152663215994835,"reward":0.8400092124938965,"probability/gigapath_true_label":0.7733798027038574,"test_chief/recall":0.7575757575757576,"test/recall":0.8636363636363636,"test/f1":0.6805970149253732,"test_giga/f1":0.6898395721925134,"train_giga/auc":0.6340036014405762,"train_giga/f1":0.5517241379310345,"probability/gigapath_false_label":0.22662018239498138,"test_giga/recall":0.9772727272727273,"val_chief/acc":0.5658914728682171,"val_chief/f1":0.631578947368421,"test_giga/acc":0.5503875968992248,"train_chief/auc":0.8706632653061224,"val_giga/f1":0.6876640419947506,"train_chief/acc":0.7872340425531915,"train_giga/recall":0.5224489795918368,"train/precision":0.7477064220183486,"val/auc":0.6016714766714766,"train/acc":0.7350096711798839,"_runtime":1568.688994965,"train_chief/f1":0.7669491525423728,"train_chief/recall":0.7387755102040816,"val_chief/precision":0.5581395348837209,"test/precision":0.5615763546798029}