{"test/f1":0.632996632996633,"val/f1":0.6453900709219859,"test/acc":0.5791505791505791,"train_giga/recall":0.8005427408412483,"classifier_chief_loss":0.3144570184365509,"train_giga/auc":0.8575687730162505,"val/auc":0.6164383561643836,"train_giga/precision":0.7570775523297778,"train/f1":0.6103138828005459,"test/precision":0.6666666666666666,"train/acc":0.5849630021141649,"val/recall":0.6232876712328768,"epoch":43,"test/recall":0.6025641025641025,"train_giga/acc":0.762993305144468,"classifier_giga_loss":0.6639502261180518,"probability/chief_true_label":0.5287228226661682,"_runtime":3400.406249614,"probability/gigapath_false_label":0.41767919063568115,"_timestamp":1.7512797046752949e+09,"_step":22967,"train_giga/f1":0.7782037014137917,"test/auc":0.605800348518795,"_wandb":{"runtime":3400},"train/auc":0.615727872909264,"val/acc":0.6138996138996139,"reward":0.5548036694526672,"val/precision":0.6691176470588235,"probability/chief_false_label":0.4712771773338318,"probability/gigapath_true_label":0.5823208093643188,"train/precision":0.5956090079909597,"train/recall":0.6257632293080054}