{"val_chief/f1":0.5882352941176471,"train_chief/acc":0.8667953667953668,"val_giga/f1":0.6345609065155807,"classifier_chief_loss":0.3096392338336526,"test/recall":0.6666666666666666,"val_chief/precision":0.5434782608695652,"probability/gigapath_false_label":0.4012901484966278,"test_giga/recall":0.9743589743589743,"train/acc":0.8532818532818532,"val_chief/acc":0.5930232558139535,"train/auc":0.9174542034308237,"test_giga/precision":0.48717948717948717,"reward_mean":0.7858127355575562,"val_giga/recall":0.9572649572649573,"train_giga/acc":0.6042471042471043,"val_chief/recall":0.6410256410256411,"_wandb":{"runtime":2666},"test_chief/f1":0.570281124497992,"train_giga/f1":0.6182495344506518,"epoch":39,"test_chief/precision":0.5378787878787878,"val/f1":0.6231884057971014,"train/recall":0.8773234200743495,"test/f1":0.5735294117647058,"test_chief/acc":0.5852713178294574,"val/recall":0.7350427350427351,"probability/chief_false_label":0.027084365487098694,"train_chief/recall":0.8736059479553904,"test_chief/auc":0.6177486815784687,"train/f1":0.8613138686131386,"test_chief/recall":0.6068376068376068,"reward_var":0.03500748798251152,"val/auc":0.6416318118445778,"test_giga/auc":0.6473904346244772,"train_chief/auc":0.956659351159284,"val_chief/auc":0.6267806267806267,"test_giga/acc":0.5232558139534884,"train_giga/precision":0.6194029850746269,"val/acc":0.5968992248062015,"probability/gigapath_true_label":0.5987098813056946,"classifier_giga_loss":0.6597710015849142,"val_giga/auc":0.6442989634478997,"_runtime":2666.022541963,"train_giga/recall":0.6171003717472119,"train_chief/f1":0.8719851576994434,"test/precision":0.5032258064516129,"val_giga/acc":0.5,"test_giga/f1":0.6495726495726496,"train/precision":0.8458781362007168,"train_chief/precision":0.8703703703703703,"probability/chief_true_label":0.9729156494140625,"_step":21159,"val/precision":0.5408805031446541,"test/auc":0.6356307207371037,"val_giga/precision":0.4745762711864407,"train_giga/auc":0.6547528403577134,"test/acc":0.5503875968992248,"_timestamp":1.751420493066786e+09,"reward":0.7508052587509155}