{"probability/gigapath_false_label":0.185891255736351,"_timestamp":1.7509972376698627e+09,"reward":0.6256846785545349,"probability/chief_true_label":0.48983678221702576,"_wandb":{"runtime":72},"_runtime":71.913478855,"_step":66,"probability/chief_false_label":0.5101631879806519,"probability/gigapath_true_label":0.8141087293624878}