{"_wandb":{"runtime":3305},"_timestamp":1.7514253815684466e+09,"train_chief/acc":0.8817829457364341,"epoch":44,"train_giga/auc":0.6889580795090473,"probability/chief_false_label":0.3631182909011841,"test_giga/f1":0.6978021978021978,"test_giga/auc":0.6135352806827744,"train_giga/recall":0.5823293172690763,"test_giga/recall":0.900709219858156,"train/acc":0.8449612403100775,"test_giga/acc":0.5752895752895753,"test/auc":0.6117321793484792,"train_giga/precision":0.6304347826086957,"probability/gigapath_false_label":0.34497737884521484,"train/precision":0.8421052631578947,"val_chief/f1":0.6195286195286195,"classifier_giga_loss":0.6401112952175759,"reward_var":8.227371290558949e-05,"train_chief/auc":0.9470240512612247,"train_chief/f1":0.8772635814889336,"train/recall":0.8353413654618473,"reward":0.6458699703216553,"reward_mean":0.6459522247314453,"train_giga/acc":0.6337209302325582,"test/recall":0.7801418439716312,"val/acc":0.5598455598455598,"val/f1":0.6459627329192547,"test_chief/f1":0.6169491525423729,"test/precision":0.5913978494623656,"val/precision":0.574585635359116,"val_giga/recall":0.9361702127659575,"test_giga/precision":0.5695067264573991,"test_chief/recall":0.6453900709219859,"val/auc":0.6191248948190888,"train_chief/precision":0.8790322580645161,"val_chief/recall":0.6524822695035462,"val_chief/acc":0.5637065637065637,"classifier_chief_loss":0.3431218437994415,"probability/chief_true_label":0.6368817090988159,"train/auc":0.9069987816434276,"val_giga/auc":0.6364346676283207,"val_chief/auc":0.5970068517850703,"_step":23714,"probability/gigapath_true_label":0.6550226807594299,"train_giga/f1":0.605427974947808,"val_giga/precision":0.5789473684210527,"val_giga/acc":0.5945945945945946,"_runtime":3304.309070639,"val/recall":0.7375886524822695,"train/f1":0.8387096774193549,"val_chief/precision":0.5897435897435898,"test_chief/acc":0.5637065637065637,"test/f1":0.672782874617737,"train_chief/recall":0.8755020080321285,"test_chief/precision":0.5909090909090909,"test_chief/auc":0.6000120206755619,"val_giga/f1":0.7154471544715447,"test/acc":0.5868725868725869}