{"probability/chief_false_label":0.2769280970096588,"classifier_giga_loss":0.7454176879556252,"probability/gigapath_true_label":0.4458783268928528,"train_chief/recall":0.8202614379084967,"train_chief/precision":0.5905882352941176,"train/auc":0.5224904427179676,"_timestamp":1.7513606698539097e+09,"train/f1":0.6899441340782123,"train_chief/f1":0.6867305061559508,"train_chief/acc":0.5579150579150579,"reward_var":0.019209066405892372,"_runtime":124.006938271,"_step":522,"train_giga/f1":0.670605612998523,"train_chief/auc":0.5227216672832655,"train_giga/precision":0.6118598382749326,"probability/chief_true_label":0.7230718731880188,"train/acc":0.5714285714285714,"reward":0.5652660131454468,"classifier_chief_loss":0.6863981976414739,"probability/gigapath_false_label":0.5541216731071472,"epoch":0,"train_giga/auc":0.5182050807744482,"reward_mean":0.5844751000404358,"_wandb":{"runtime":124},"train/recall":0.8071895424836601,"train/precision":0.6024390243902439,"train_giga/acc":0.5694980694980695,"train_giga/recall":0.7418300653594772}