{"test/acc":0.6124031007751938,"classifier_giga_loss":0.6337224005557582,"probability/gigapath_true_label":0.6231307983398438,"test/auc":0.6454106280193237,"test/f1":0.635036496350365,"test/recall":0.6304347826086957,"probability/chief_false_label":0.24488821625709534,"_wandb":{"runtime":2834},"_timestamp":1.7512271511727953e+09,"train_giga/recall":0.8291814946619217,"train_giga/auc":0.8885099126193448,"epoch":48,"train/f1":0.8201278643775591,"train_giga/precision":0.8112698074326725,"train/precision":0.8112698074326725,"val/f1":0.6891891891891891,"test/precision":0.6397058823529411,"val/precision":0.7445255474452555,"_step":25626,"train/acc":0.8023131883314254,"train_giga/f1":0.8201278643775591,"classifier_chief_loss":0.2656438141468799,"probability/gigapath_false_label":0.37686920166015625,"train_gaiga/acc":0.8023131883314254,"val/recall":0.6415094339622641,"probability/chief_true_label":0.755111813545227,"val/auc":0.7086163522012578,"train/recall":0.8291814946619217,"val/acc":0.6447876447876448,"train/auc":0.8885099126193448,"_runtime":2834.263450508,"reward":0.6847665309906006}