{"val/auc":0.5675936538577547,"val/precision":0.5562913907284768,"_runtime":6563.258907442,"epoch":79,"classifier_chief_loss":0.1663906166714524,"val/acc":0.5348837209302325,"_timestamp":1.7512722720048656e+09,"classifier_giga_loss":0.6136972685722081,"train/f1":0.8714746012172322,"val/f1":0.5833333333333334,"probability/gigapath_false_label":0.8654267191886902,"probability/chief_true_label":0.9910740256309509,"test/recall":0.7251908396946565,"train_giga/precision":0.8388084845700283,"train_giga/recall":0.9067880794701987,"train_gaiga/acc":0.8440637065637066,"test/precision":0.625,"test/auc":0.6685700546973614,"_step":41919,"probability/chief_false_label":0.008926001377403736,"reward":0.3794252872467041,"train/recall":0.9067880794701987,"_wandb":{"runtime":6563},"train/precision":0.8388084845700283,"probability/gigapath_true_label":0.13457328081130981,"test/acc":0.6395348837209303,"train/acc":0.8440637065637066,"train/auc":0.9274009425013797,"val/recall":0.6131386861313869,"test/f1":0.6713780918727915,"train_giga/auc":0.9274009425013797,"train_giga/f1":0.8714746012172322}