{"_step":18269,"val/recall":0.5755395683453237,"probability/gigapath_false_label":0.20656605064868927,"train/auc":0.8492200612613942,"val/precision":0.6557377049180327,"test/f1":0.5689655172413793,"val/auc":0.6958033573141487,"_timestamp":1.7509364187950861e+09,"reward":0.7834766507148743,"train/acc":0.7641337386018237,"test/precision":0.6346153846153846,"test/auc":0.6738581730769231,"train/precision":0.7622769310928749,"probability/chief_false_label":0.22628626227378845,"_wandb":{"runtime":1180},"epoch":34,"test/acc":0.6124031007751938,"classifier_giga_loss":0.5562913849791313,"test/recall":0.515625,"val/f1":0.6130268199233716,"probability/chief_true_label":0.7737137675285339,"classifier_chief_loss":0.36621872080842166,"train/recall":0.7054852320675106,"val/acc":0.61003861003861,"_runtime":1179.831110528,"probability/gigapath_true_label":0.7934339046478271,"train/f1":0.7327823691460055}