{"_runtime":166.862291163,"val/precision":0.554945054945055,"train/auc":0.6345218921498449,"test/precision":0.532967032967033,"test/auc":0.7193615459882583,"_step":1109,"reward":0.528705894947052,"train/acc":0.5955598455598455,"_timestamp":1.750770992688184e+09,"test/acc":0.6124031007751938,"val/recall":0.7890625,"_wandb":{"runtime":167},"test/f1":0.6598639455782312,"classifier_giga_loss":376.8730017617345,"train/precision":0.5971479500891266,"val/acc":0.5813953488372093,"train/f1":0.6152433425160698,"classifier_chief_loss":331.9132423698902,"train/recall":0.634469696969697,"test/recall":0.8660714285714286,"epoch":1,"val/f1":0.6516129032258065,"val/auc":0.6765024038461537}