{"train_giga/auc":0.7202183485131793,"test_giga/precision":0.5729166666666666,"val_chief/precision":0.6058394160583942,"val/precision":0.6052631578947368,"epoch":65,"train/precision":0.8758620689655172,"test_chief/precision":0.6201550387596899,"probability/gigapath_true_label":0.6006706357002258,"classifier_chief_loss":0.004124349965531949,"train_chief/auc":0.9673683575607697,"train_chief/acc":0.9129593810444874,"MoE_select_chief":517,"train_chief/f1":0.9194991055456172,"val/recall":0.6666666666666666,"probability/chief_true_label":0.38308489322662354,"val_chief/auc":0.6230676328502416,"probability/gigapath_false_label":0.39932939410209656,"probability/chief_false_label":0.6169151067733765,"val_chief/f1":0.6036363636363636,"train_giga/precision":0.6875,"test/precision":0.6351351351351351,"classifier_giga_loss":0.00950702354338964,"test_chief/f1":0.599250936329588,"reward_mean":0.4918777644634247,"train_giga/recall":0.7046263345195729,"test_chief/auc":0.6320048309178744,"val_giga/precision":0.5863874345549738,"val/acc":0.5891472868217055,"reward_var":0.011835888959467411,"_step":34847,"val_chief/recall":0.6014492753623188,"val/auc":0.6377415458937199,"test_giga/recall":0.7971014492753623,"test/f1":0.6573426573426573,"train/auc":0.9460009650763014,"train_giga/f1":0.6959578207381371,"train/recall":0.9039145907473309,"train_chief/precision":0.9244604316546763,"train/acc":0.8781431334622823,"val_giga/f1":0.6808510638297872,"test/auc":0.6490338164251207,"test_giga/acc":0.5736434108527132,"_runtime":4380.783065833,"test_chief/acc":0.5852713178294574,"test/acc":0.6201550387596899,"MoE_select_gigapath":0,"test_chief/recall":0.5797101449275363,"reward":0.48004186153411865,"val_giga/auc":0.6158816425120772,"train_chief/recall":0.9145907473309609,"_wandb":{"runtime":4380},"val_chief/acc":0.5775193798449613,"_timestamp":1.7518918513718662e+09,"val_giga/recall":0.8115942028985508,"test_giga/f1":0.6666666666666666,"train/f1":0.8896672504378283,"val_giga/acc":0.5930232558139535,"train_giga/acc":0.6653771760154739,"val/f1":0.6344827586206897,"test/recall":0.6811594202898551,"test_giga/auc":0.6233695652173914}